Subjects	ROIs	cond	x	y	regression line	R2	F-value	p-value	dataset
group	dentate vs cereb_gray	Instr	0.0057789286437074	0.0022448628675896	0.6051 * x + -0.0000	0.8230558792018788	37.21201362280552	0.0002894183290535	Pontine7T
group	dentate vs cereb_gray	Vis_S	0.0002580919352776	0.0024544186491825	0.6051 * x + -0.0000	0.8230558792018788	37.21201362280552	0.0002894183290535	Pontine7T
group	dentate vs cereb_gray	F_Seq	0.0243579052969336	0.0133397664284916	0.6051 * x + -0.0000	0.8230558792018788	37.21201362280552	0.0002894183290535	Pontine7T
group	dentate vs cereb_gray	ToM	0.001733789786487	-0.0011876909164748	0.6051 * x + -0.0000	0.8230558792018788	37.21201362280552	0.0002894183290535	Pontine7T
group	dentate vs cereb_gray	N_back	0.0025467497433872	0.0034705365141224	0.6051 * x + -0.0000	0.8230558792018788	37.21201362280552	0.0002894183290535	Pontine7T
group	dentate vs cereb_gray	Sem_Pred	-0.0052899841257024	-0.003006710777251	0.6051 * x + -0.0000	0.8230558792018788	37.21201362280552	0.0002894183290535	Pontine7T
group	dentate vs cereb_gray	Act_Obs	-0.0060133741873205	-0.01035415900225	0.6051 * x + -0.0000	0.8230558792018788	37.21201362280552	0.0002894183290535	Pontine7T
group	dentate vs cereb_gray	Flex_Ext	0.007360068435083	0.0095894532498366	0.6051 * x + -0.0000	0.8230558792018788	37.21201362280552	0.0002894183290535	Pontine7T
group	dentate vs cereb_gray	Rest	-0.0171100143289683	-0.0076101501312323	0.6051 * x + -0.0000	0.8230558792018788	37.21201362280552	0.0002894183290535	Pontine7T
group	dentate vs cereb_gray	Rom_mov	-0.0136221611988847	-0.0089403268820145	0.6051 * x + -0.0000	0.8230558792018788	37.21201362280552	0.0002894183290535	Pontine7T
group	cereb_gray vs pontine	Instr	0.0031272867590743	0.0057789286437074	1.4801 * x + 0.0000	0.1861266706910208	1.8295394527701463	0.2131680302198674	Pontine7T
group	cereb_gray vs pontine	Vis_S	-0.0045158131076026	0.0002580919352776	1.4801 * x + 0.0000	0.1861266706910208	1.8295394527701463	0.2131680302198674	Pontine7T
group	cereb_gray vs pontine	F_Seq	0.0019392928750708	0.0243579052969336	1.4801 * x + 0.0000	0.1861266706910208	1.8295394527701463	0.2131680302198674	Pontine7T
group	cereb_gray vs pontine	ToM	0.000928536467529	0.001733789786487	1.4801 * x + 0.0000	0.1861266706910208	1.8295394527701463	0.2131680302198674	Pontine7T
group	cereb_gray vs pontine	N_back	-0.0022678913186256	0.0025467497433872	1.4801 * x + 0.0000	0.1861266706910208	1.8295394527701463	0.2131680302198674	Pontine7T
group	cereb_gray vs pontine	Sem_Pred	-0.0039275342395417	-0.0052899841257024	1.4801 * x + 0.0000	0.1861266706910208	1.8295394527701463	0.2131680302198674	Pontine7T
group	cereb_gray vs pontine	Act_Obs	-0.0010190543230888	-0.0060133741873205	1.4801 * x + 0.0000	0.1861266706910208	1.8295394527701463	0.2131680302198674	Pontine7T
group	cereb_gray vs pontine	Flex_Ext	0.0069010380743253	0.007360068435083	1.4801 * x + 0.0000	0.1861266706910208	1.8295394527701463	0.2131680302198674	Pontine7T
group	cereb_gray vs pontine	Rest	-0.0004266143838767	-0.0171100143289683	1.4801 * x + 0.0000	0.1861266706910208	1.8295394527701463	0.2131680302198674	Pontine7T
group	cereb_gray vs pontine	Rom_mov	-0.0007392468032639	-0.0136221611988847	1.4801 * x + 0.0000	0.1861266706910208	1.8295394527701463	0.2131680302198674	Pontine7T
group	cereb_gray vs olive	Instr	0.0064361238051283	0.0057789286437074	1.2844 * x + 0.0000	0.6127942558628876	12.66085051973594	0.0074200697343839	Pontine7T
group	cereb_gray vs olive	Vis_S	0.0029855683946284	0.0002580919352776	1.2844 * x + 0.0000	0.6127942558628876	12.66085051973594	0.0074200697343839	Pontine7T
group	cereb_gray vs olive	F_Seq	0.0052175631768829	0.0243579052969336	1.2844 * x + 0.0000	0.6127942558628876	12.66085051973594	0.0074200697343839	Pontine7T
group	cereb_gray vs olive	ToM	0.0050544285143152	0.001733789786487	1.2844 * x + 0.0000	0.6127942558628876	12.66085051973594	0.0074200697343839	Pontine7T
group	cereb_gray vs olive	N_back	0.0013274513142772	0.0025467497433872	1.2844 * x + 0.0000	0.6127942558628876	12.66085051973594	0.0074200697343839	Pontine7T
group	cereb_gray vs olive	Sem_Pred	-0.0046160166652237	-0.0052899841257024	1.2844 * x + 0.0000	0.6127942558628876	12.66085051973594	0.0074200697343839	Pontine7T
group	cereb_gray vs olive	Act_Obs	-0.0096246184558897	-0.0060133741873205	1.2844 * x + 0.0000	0.6127942558628876	12.66085051973594	0.0074200697343839	Pontine7T
group	cereb_gray vs olive	Flex_Ext	0.0099449949510817	0.007360068435083	1.2844 * x + 0.0000	0.6127942558628876	12.66085051973594	0.0074200697343839	Pontine7T
group	cereb_gray vs olive	Rest	-0.0079358832647075	-0.0171100143289683	1.2844 * x + 0.0000	0.6127942558628876	12.66085051973594	0.0074200697343839	Pontine7T
group	cereb_gray vs olive	Rom_mov	-0.0087896117704931	-0.0136221611988847	1.2844 * x + 0.0000	0.6127942558628876	12.66085051973594	0.0074200697343839	Pontine7T
group	thalamus vs dentate	Instr	0.0022448628675896	0.0027566471881423	0.2327 * x + -0.0000	0.6330805412841342	13.803150010081694	0.0059115104342417	Pontine7T
group	thalamus vs dentate	Vis_S	0.0024544186491825	0.0008541029638105	0.2327 * x + -0.0000	0.6330805412841342	13.803150010081694	0.0059115104342417	Pontine7T
group	thalamus vs dentate	F_Seq	0.0133397664284916	0.0039879196014733	0.2327 * x + -0.0000	0.6330805412841342	13.803150010081694	0.0059115104342417	Pontine7T
group	thalamus vs dentate	ToM	-0.0011876909164748	4.6687003153115846e-05	0.2327 * x + -0.0000	0.6330805412841342	13.803150010081694	0.0059115104342417	Pontine7T
group	thalamus vs dentate	N_back	0.0034705365141224	2.4470981134837167e-05	0.2327 * x + -0.0000	0.6330805412841342	13.803150010081694	0.0059115104342417	Pontine7T
group	thalamus vs dentate	Sem_Pred	-0.003006710777251	-0.0020849271216843	0.2327 * x + -0.0000	0.6330805412841342	13.803150010081694	0.0059115104342417	Pontine7T
group	thalamus vs dentate	Act_Obs	-0.01035415900225	-0.0012770480769158	0.2327 * x + -0.0000	0.6330805412841342	13.803150010081694	0.0059115104342417	Pontine7T
group	thalamus vs dentate	Flex_Ext	0.0095894532498366	0.0007140291723205	0.2327 * x + -0.0000	0.6330805412841342	13.803150010081694	0.0059115104342417	Pontine7T
group	thalamus vs dentate	Rest	-0.0076101501312323	-0.0038481422128898	0.2327 * x + -0.0000	0.6330805412841342	13.803150010081694	0.0059115104342417	Pontine7T
group	thalamus vs dentate	Rom_mov	-0.0089403268820145	-0.0011737394985447	0.2327 * x + -0.0000	0.6330805412841342	13.803150010081694	0.0059115104342417	Pontine7T
group	dentate vs pontine	Instr	0.0031272867590743	0.0022448628675896	1.0618 * x + 0.0000	0.2153000140309943	2.1949791551493494	0.1767393007645684	Pontine7T
group	dentate vs pontine	Vis_S	-0.0045158131076026	0.0024544186491825	1.0618 * x + 0.0000	0.2153000140309943	2.1949791551493494	0.1767393007645684	Pontine7T
group	dentate vs pontine	F_Seq	0.0019392928750708	0.0133397664284916	1.0618 * x + 0.0000	0.2153000140309943	2.1949791551493494	0.1767393007645684	Pontine7T
group	dentate vs pontine	ToM	0.000928536467529	-0.0011876909164748	1.0618 * x + 0.0000	0.2153000140309943	2.1949791551493494	0.1767393007645684	Pontine7T
group	dentate vs pontine	N_back	-0.0022678913186256	0.0034705365141224	1.0618 * x + 0.0000	0.2153000140309943	2.1949791551493494	0.1767393007645684	Pontine7T
group	dentate vs pontine	Sem_Pred	-0.0039275342395417	-0.003006710777251	1.0618 * x + 0.0000	0.2153000140309943	2.1949791551493494	0.1767393007645684	Pontine7T
group	dentate vs pontine	Act_Obs	-0.0010190543230888	-0.01035415900225	1.0618 * x + 0.0000	0.2153000140309943	2.1949791551493494	0.1767393007645684	Pontine7T
group	dentate vs pontine	Flex_Ext	0.0069010380743253	0.0095894532498366	1.0618 * x + 0.0000	0.2153000140309943	2.1949791551493494	0.1767393007645684	Pontine7T
group	dentate vs pontine	Rest	-0.0004266143838767	-0.0076101501312323	1.0618 * x + 0.0000	0.2153000140309943	2.1949791551493494	0.1767393007645684	Pontine7T
group	dentate vs pontine	Rom_mov	-0.0007392468032639	-0.0089403268820145	1.0618 * x + 0.0000	0.2153000140309943	2.1949791551493494	0.1767393007645684	Pontine7T
group	redn vs dentate	Instr	0.0022448628675896	0.0035044097705428	0.6821 * x + -0.0000	0.7952483044090931	31.07171550844673	0.0005258545239373	Pontine7T
group	redn vs dentate	Vis_S	0.0024544186491825	0.004963397332313	0.6821 * x + -0.0000	0.7952483044090931	31.07171550844673	0.0005258545239373	Pontine7T
group	redn vs dentate	F_Seq	0.0133397664284916	0.0094799868154862	0.6821 * x + -0.0000	0.7952483044090931	31.07171550844673	0.0005258545239373	Pontine7T
group	redn vs dentate	ToM	-0.0011876909164748	0.00075477618315	0.6821 * x + -0.0000	0.7952483044090931	31.07171550844673	0.0005258545239373	Pontine7T
group	redn vs dentate	N_back	0.0034705365141224	-0.0023261748095563	0.6821 * x + -0.0000	0.7952483044090931	31.07171550844673	0.0005258545239373	Pontine7T
group	redn vs dentate	Sem_Pred	-0.003006710777251	-0.0014440967266402	0.6821 * x + -0.0000	0.7952483044090931	31.07171550844673	0.0005258545239373	Pontine7T
group	redn vs dentate	Act_Obs	-0.01035415900225	-0.0042993055273754	0.6821 * x + -0.0000	0.7952483044090931	31.07171550844673	0.0005258545239373	Pontine7T
group	redn vs dentate	Flex_Ext	0.0095894532498366	0.0056674439420893	0.6821 * x + -0.0000	0.7952483044090931	31.07171550844673	0.0005258545239373	Pontine7T
group	redn vs dentate	Rest	-0.0076101501312323	-0.0092843961182362	0.6821 * x + -0.0000	0.7952483044090931	31.07171550844673	0.0005258545239373	Pontine7T
group	redn vs dentate	Rom_mov	-0.0089403268820145	-0.0070160408617731	0.6821 * x + -0.0000	0.7952483044090931	31.07171550844673	0.0005258545239373	Pontine7T
group	olive vs redn	Instr	0.0035044097705428	0.0064361238051283	1.0201 * x + 0.0000	0.7290891022237447	21.53000438766838	0.0016661168303266	Pontine7T
group	olive vs redn	Vis_S	0.004963397332313	0.0029855683946284	1.0201 * x + 0.0000	0.7290891022237447	21.53000438766838	0.0016661168303266	Pontine7T
group	olive vs redn	F_Seq	0.0094799868154862	0.0052175631768829	1.0201 * x + 0.0000	0.7290891022237447	21.53000438766838	0.0016661168303266	Pontine7T
group	olive vs redn	ToM	0.00075477618315	0.0050544285143152	1.0201 * x + 0.0000	0.7290891022237447	21.53000438766838	0.0016661168303266	Pontine7T
group	olive vs redn	N_back	-0.0023261748095563	0.0013274513142772	1.0201 * x + 0.0000	0.7290891022237447	21.53000438766838	0.0016661168303266	Pontine7T
group	olive vs redn	Sem_Pred	-0.0014440967266402	-0.0046160166652237	1.0201 * x + 0.0000	0.7290891022237447	21.53000438766838	0.0016661168303266	Pontine7T
group	olive vs redn	Act_Obs	-0.0042993055273754	-0.0096246184558897	1.0201 * x + 0.0000	0.7290891022237447	21.53000438766838	0.0016661168303266	Pontine7T
group	olive vs redn	Flex_Ext	0.0056674439420893	0.0099449949510817	1.0201 * x + 0.0000	0.7290891022237447	21.53000438766838	0.0016661168303266	Pontine7T
group	olive vs redn	Rest	-0.0092843961182362	-0.0079358832647075	1.0201 * x + 0.0000	0.7290891022237447	21.53000438766838	0.0016661168303266	Pontine7T
group	olive vs redn	Rom_mov	-0.0070160408617731	-0.0087896117704931	1.0201 * x + 0.0000	0.7290891022237447	21.53000438766838	0.0016661168303266	Pontine7T
group	dentate vs olive	Instr	0.0064361238051283	0.0022448628675896	0.9561 * x + -0.0000	0.7632319456660707	25.78834202318984	0.0009552302383421	Pontine7T
group	dentate vs olive	Vis_S	0.0029855683946284	0.0024544186491825	0.9561 * x + -0.0000	0.7632319456660707	25.78834202318984	0.0009552302383421	Pontine7T
group	dentate vs olive	F_Seq	0.0052175631768829	0.0133397664284916	0.9561 * x + -0.0000	0.7632319456660707	25.78834202318984	0.0009552302383421	Pontine7T
group	dentate vs olive	ToM	0.0050544285143152	-0.0011876909164748	0.9561 * x + -0.0000	0.7632319456660707	25.78834202318984	0.0009552302383421	Pontine7T
group	dentate vs olive	N_back	0.0013274513142772	0.0034705365141224	0.9561 * x + -0.0000	0.7632319456660707	25.78834202318984	0.0009552302383421	Pontine7T
group	dentate vs olive	Sem_Pred	-0.0046160166652237	-0.003006710777251	0.9561 * x + -0.0000	0.7632319456660707	25.78834202318984	0.0009552302383421	Pontine7T
group	dentate vs olive	Act_Obs	-0.0096246184558897	-0.01035415900225	0.9561 * x + -0.0000	0.7632319456660707	25.78834202318984	0.0009552302383421	Pontine7T
group	dentate vs olive	Flex_Ext	0.0099449949510817	0.0095894532498366	0.9561 * x + -0.0000	0.7632319456660707	25.78834202318984	0.0009552302383421	Pontine7T
group	dentate vs olive	Rest	-0.0079358832647075	-0.0076101501312323	0.9561 * x + -0.0000	0.7632319456660707	25.78834202318984	0.0009552302383421	Pontine7T
group	dentate vs olive	Rom_mov	-0.0087896117704931	-0.0089403268820145	0.9561 * x + -0.0000	0.7632319456660707	25.78834202318984	0.0009552302383421	Pontine7T
group	cereb_gray vs dentate	Instr	0.0022448628675896	0.0057789286437074	1.3601 * x + 0.0000	0.8230558792018788	37.21201362280552	0.0002894183290535	Pontine7T
group	cereb_gray vs dentate	Vis_S	0.0024544186491825	0.0002580919352776	1.3601 * x + 0.0000	0.8230558792018788	37.21201362280552	0.0002894183290535	Pontine7T
group	cereb_gray vs dentate	F_Seq	0.0133397664284916	0.0243579052969336	1.3601 * x + 0.0000	0.8230558792018788	37.21201362280552	0.0002894183290535	Pontine7T
group	cereb_gray vs dentate	ToM	-0.0011876909164748	0.001733789786487	1.3601 * x + 0.0000	0.8230558792018788	37.21201362280552	0.0002894183290535	Pontine7T
group	cereb_gray vs dentate	N_back	0.0034705365141224	0.0025467497433872	1.3601 * x + 0.0000	0.8230558792018788	37.21201362280552	0.0002894183290535	Pontine7T
group	cereb_gray vs dentate	Sem_Pred	-0.003006710777251	-0.0052899841257024	1.3601 * x + 0.0000	0.8230558792018788	37.21201362280552	0.0002894183290535	Pontine7T
group	cereb_gray vs dentate	Act_Obs	-0.01035415900225	-0.0060133741873205	1.3601 * x + 0.0000	0.8230558792018788	37.21201362280552	0.0002894183290535	Pontine7T
group	cereb_gray vs dentate	Flex_Ext	0.0095894532498366	0.007360068435083	1.3601 * x + 0.0000	0.8230558792018788	37.21201362280552	0.0002894183290535	Pontine7T
group	cereb_gray vs dentate	Rest	-0.0076101501312323	-0.0171100143289683	1.3601 * x + 0.0000	0.8230558792018788	37.21201362280552	0.0002894183290535	Pontine7T
group	cereb_gray vs dentate	Rom_mov	-0.0089403268820145	-0.0136221611988847	1.3601 * x + 0.0000	0.8230558792018788	37.21201362280552	0.0002894183290535	Pontine7T
group	dentate vs cereb_gray	NoGo	-0.012822135163010173	0.0029739018243474876	0.3294 * x + 0.0000	0.47521134729335957	24.449283174751	3.534306077925507e-05	MDTB
group	dentate vs cereb_gray	Go	0.002289093665665005	0.007562789832442348	0.3294 * x + 0.0000	0.47521134729335957	24.449283174751	3.534306077925507e-05	MDTB
group	dentate vs cereb_gray	ToM	0.020102245350226314	0.010705529269762957	0.3294 * x + 0.0000	0.47521134729335957	24.449283174751	3.534306077925507e-05	MDTB
group	dentate vs cereb_gray	VideoAct	0.0077281455131260985	-0.014015407053007774	0.3294 * x + 0.0000	0.47521134729335957	24.449283174751	3.534306077925507e-05	MDTB
group	dentate vs cereb_gray	VideoKnots	0.015363278127722393	-0.002374859873898114	0.3294 * x + 0.0000	0.47521134729335957	24.449283174751	3.534306077925507e-05	MDTB
group	dentate vs cereb_gray	Unpleas_Scenes	-0.015178546080665394	-0.002907743067681246	0.3294 * x + 0.0000	0.47521134729335957	24.449283174751	3.534306077925507e-05	MDTB
group	dentate vs cereb_gray	Pleas_scenes	-0.010669493897570352	-0.001170540632919256	0.3294 * x + 0.0000	0.47521134729335957	24.449283174751	3.534306077925507e-05	MDTB
group	dentate vs cereb_gray	Math	0.004030056417903135	0.0005387483872480791	0.3294 * x + 0.0000	0.47521134729335957	24.449283174751	3.534306077925507e-05	MDTB
group	dentate vs cereb_gray	Digit_Judg	-0.013696752481538822	-0.007034562360190432	0.3294 * x + 0.0000	0.47521134729335957	24.449283174751	3.534306077925507e-05	MDTB
group	dentate vs cereb_gray	CheckerBoard	-0.0077975736395119715	-0.002988390642411109	0.3294 * x + 0.0000	0.47521134729335957	24.449283174751	3.534306077925507e-05	MDTB
group	dentate vs cereb_gray	Sad_Faces	-0.015894842683603097	-0.0078339794502268	0.3294 * x + 0.0000	0.47521134729335957	24.449283174751	3.534306077925507e-05	MDTB
group	dentate vs cereb_gray	Happy_Faces	-0.01680003665933263	-0.008969251454987445	0.3294 * x + 0.0000	0.47521134729335957	24.449283174751	3.534306077925507e-05	MDTB
group	dentate vs cereb_gray	Interval_Timing	0.0005956243304422183	0.0046512365058648955	0.3294 * x + 0.0000	0.47521134729335957	24.449283174751	3.534306077925507e-05	MDTB
group	dentate vs cereb_gray	Motor_Imagery	-0.015354844642216314	-0.008419073480607484	0.3294 * x + 0.0000	0.47521134729335957	24.449283174751	3.534306077925507e-05	MDTB
group	dentate vs cereb_gray	Finger_Simple	0.018454090126573307	0.0027124160942108007	0.3294 * x + 0.0000	0.47521134729335957	24.449283174751	3.534306077925507e-05	MDTB
group	dentate vs cereb_gray	Finger_Seq	0.04228627747686105	0.010759868069484013	0.3294 * x + 0.0000	0.47521134729335957	24.449283174751	3.534306077925507e-05	MDTB
group	dentate vs cereb_gray	Verbal0Back	-0.013398600941396428	-0.0027596367345606963	0.3294 * x + 0.0000	0.47521134729335957	24.449283174751	3.534306077925507e-05	MDTB
group	dentate vs cereb_gray	Verbal2Back	0.010129904778153268	0.012646011816953571	0.3294 * x + 0.0000	0.47521134729335957	24.449283174751	3.534306077925507e-05	MDTB
group	dentate vs cereb_gray	Object0Back	-0.008119667051225616	-0.0009557586857624012	0.3294 * x + 0.0000	0.47521134729335957	24.449283174751	3.534306077925507e-05	MDTB
group	dentate vs cereb_gray	Object2Back	0.0017134583202537677	0.003400843720382621	0.3294 * x + 0.0000	0.47521134729335957	24.449283174751	3.534306077925507e-05	MDTB
group	dentate vs cereb_gray	Spatial_Nav	-0.012703283332039628	-0.0076659690649824065	0.3294 * x + 0.0000	0.47521134729335957	24.449283174751	3.534306077925507e-05	MDTB
group	dentate vs cereb_gray	StroopIncon	0.003673557712536814	0.0045407199082204705	0.3294 * x + 0.0000	0.47521134729335957	24.449283174751	3.534306077925507e-05	MDTB
group	dentate vs cereb_gray	StroopCon	-0.010382677100269857	-0.002748183342012654	0.3294 * x + 0.0000	0.47521134729335957	24.449283174751	3.534306077925507e-05	MDTB
group	dentate vs cereb_gray	Verb_generation	0.005104776208955342	0.0029295023986656483	0.3294 * x + 0.0000	0.47521134729335957	24.449283174751	3.534306077925507e-05	MDTB
group	dentate vs cereb_gray	Word_reading	-0.0071262288609439724	-0.006042848829425252	0.3294 * x + 0.0000	0.47521134729335957	24.449283174751	3.534306077925507e-05	MDTB
group	dentate vs cereb_gray	Vis_S_Small	0.011058212324909136	0.004845452077620577	0.3294 * x + 0.0000	0.47521134729335957	24.449283174751	3.534306077925507e-05	MDTB
group	dentate vs cereb_gray	Vis_S_Med	0.012294920339203942	0.006521466295911681	0.3294 * x + 0.0000	0.47521134729335957	24.449283174751	3.534306077925507e-05	MDTB
group	dentate vs cereb_gray	Vis_S_Large	0.018532509491518783	0.009384848880827037	0.3294 * x + 0.0000	0.47521134729335957	24.449283174751	3.534306077925507e-05	MDTB
group	dentate vs cereb_gray	Rest	-0.01341146765072632	-0.008287130409269091	0.3294 * x + 0.0000	0.47521134729335957	24.449283174751	3.534306077925507e-05	MDTB
group	cereb_gray vs dentate	NoGo	0.0029739018243474876	-0.012822135163010173	1.4428 * x + -0.0000	0.47521134729335957	24.449283174751	3.534306077925507e-05	MDTB
group	cereb_gray vs dentate	Go	0.007562789832442348	0.002289093665665005	1.4428 * x + -0.0000	0.47521134729335957	24.449283174751	3.534306077925507e-05	MDTB
group	cereb_gray vs dentate	ToM	0.010705529269762957	0.020102245350226314	1.4428 * x + -0.0000	0.47521134729335957	24.449283174751	3.534306077925507e-05	MDTB
group	cereb_gray vs dentate	VideoAct	-0.014015407053007774	0.0077281455131260985	1.4428 * x + -0.0000	0.47521134729335957	24.449283174751	3.534306077925507e-05	MDTB
group	cereb_gray vs dentate	VideoKnots	-0.002374859873898114	0.015363278127722393	1.4428 * x + -0.0000	0.47521134729335957	24.449283174751	3.534306077925507e-05	MDTB
group	cereb_gray vs dentate	Unpleas_Scenes	-0.002907743067681246	-0.015178546080665394	1.4428 * x + -0.0000	0.47521134729335957	24.449283174751	3.534306077925507e-05	MDTB
group	cereb_gray vs dentate	Pleas_scenes	-0.001170540632919256	-0.010669493897570352	1.4428 * x + -0.0000	0.47521134729335957	24.449283174751	3.534306077925507e-05	MDTB
group	cereb_gray vs dentate	Math	0.0005387483872480791	0.004030056417903135	1.4428 * x + -0.0000	0.47521134729335957	24.449283174751	3.534306077925507e-05	MDTB
group	cereb_gray vs dentate	Digit_Judg	-0.007034562360190432	-0.013696752481538822	1.4428 * x + -0.0000	0.47521134729335957	24.449283174751	3.534306077925507e-05	MDTB
group	cereb_gray vs dentate	CheckerBoard	-0.002988390642411109	-0.0077975736395119715	1.4428 * x + -0.0000	0.47521134729335957	24.449283174751	3.534306077925507e-05	MDTB
group	cereb_gray vs dentate	Sad_Faces	-0.0078339794502268	-0.015894842683603097	1.4428 * x + -0.0000	0.47521134729335957	24.449283174751	3.534306077925507e-05	MDTB
group	cereb_gray vs dentate	Happy_Faces	-0.008969251454987445	-0.01680003665933263	1.4428 * x + -0.0000	0.47521134729335957	24.449283174751	3.534306077925507e-05	MDTB
group	cereb_gray vs dentate	Interval_Timing	0.0046512365058648955	0.0005956243304422183	1.4428 * x + -0.0000	0.47521134729335957	24.449283174751	3.534306077925507e-05	MDTB
group	cereb_gray vs dentate	Motor_Imagery	-0.008419073480607484	-0.015354844642216314	1.4428 * x + -0.0000	0.47521134729335957	24.449283174751	3.534306077925507e-05	MDTB
group	cereb_gray vs dentate	Finger_Simple	0.0027124160942108007	0.018454090126573307	1.4428 * x + -0.0000	0.47521134729335957	24.449283174751	3.534306077925507e-05	MDTB
group	cereb_gray vs dentate	Finger_Seq	0.010759868069484013	0.04228627747686105	1.4428 * x + -0.0000	0.47521134729335957	24.449283174751	3.534306077925507e-05	MDTB
group	cereb_gray vs dentate	Verbal0Back	-0.0027596367345606963	-0.013398600941396428	1.4428 * x + -0.0000	0.47521134729335957	24.449283174751	3.534306077925507e-05	MDTB
group	cereb_gray vs dentate	Verbal2Back	0.012646011816953571	0.010129904778153268	1.4428 * x + -0.0000	0.47521134729335957	24.449283174751	3.534306077925507e-05	MDTB
group	cereb_gray vs dentate	Object0Back	-0.0009557586857624012	-0.008119667051225616	1.4428 * x + -0.0000	0.47521134729335957	24.449283174751	3.534306077925507e-05	MDTB
group	cereb_gray vs dentate	Object2Back	0.003400843720382621	0.0017134583202537677	1.4428 * x + -0.0000	0.47521134729335957	24.449283174751	3.534306077925507e-05	MDTB
group	cereb_gray vs dentate	Spatial_Nav	-0.0076659690649824065	-0.012703283332039628	1.4428 * x + -0.0000	0.47521134729335957	24.449283174751	3.534306077925507e-05	MDTB
group	cereb_gray vs dentate	StroopIncon	0.0045407199082204705	0.003673557712536814	1.4428 * x + -0.0000	0.47521134729335957	24.449283174751	3.534306077925507e-05	MDTB
group	cereb_gray vs dentate	StroopCon	-0.002748183342012654	-0.010382677100269857	1.4428 * x + -0.0000	0.47521134729335957	24.449283174751	3.534306077925507e-05	MDTB
group	cereb_gray vs dentate	Verb_generation	0.0029295023986656483	0.005104776208955342	1.4428 * x + -0.0000	0.47521134729335957	24.449283174751	3.534306077925507e-05	MDTB
group	cereb_gray vs dentate	Word_reading	-0.006042848829425252	-0.0071262288609439724	1.4428 * x + -0.0000	0.47521134729335957	24.449283174751	3.534306077925507e-05	MDTB
group	cereb_gray vs dentate	Vis_S_Small	0.004845452077620577	0.011058212324909136	1.4428 * x + -0.0000	0.47521134729335957	24.449283174751	3.534306077925507e-05	MDTB
group	cereb_gray vs dentate	Vis_S_Med	0.006521466295911681	0.012294920339203942	1.4428 * x + -0.0000	0.47521134729335957	24.449283174751	3.534306077925507e-05	MDTB
group	cereb_gray vs dentate	Vis_S_Large	0.009384848880827037	0.018532509491518783	1.4428 * x + -0.0000	0.47521134729335957	24.449283174751	3.534306077925507e-05	MDTB
group	cereb_gray vs dentate	Rest	-0.008287130409269091	-0.01341146765072632	1.4428 * x + -0.0000	0.47521134729335957	24.449283174751	3.534306077925507e-05	MDTB
group	cereb_gray vs dentate	CPRO	0.0022787195874427986	-0.0017274519065283418	1.7349 * x + -0.0000	0.8321109363490389	148.68942352534384	3.735143291408904e-13	MDTB_ses2
group	cereb_gray vs dentate	Prediction	-0.0022490463830422617	-0.010081854019464632	1.7349 * x + -0.0000	0.8321109363490389	148.68942352534384	3.735143291408904e-13	MDTB_ses2
group	cereb_gray vs dentate	PredictViol	-0.003544332001612374	-0.014789246328008368	1.7349 * x + -0.0000	0.8321109363490389	148.68942352534384	3.735143291408904e-13	MDTB_ses2
group	cereb_gray vs dentate	PredictScram	-0.002122001949272559	-0.007844168461010647	1.7349 * x + -0.0000	0.8321109363490389	148.68942352534384	3.735143291408904e-13	MDTB_ses2
group	cereb_gray vs dentate	VerbGen	0.0009730104857888632	-0.0049873105087985415	1.7349 * x + -0.0000	0.8321109363490389	148.68942352534384	3.735143291408904e-13	MDTB_ses2
group	cereb_gray vs dentate	WordRead	-0.007009728125033246	-0.01641404661814103	1.7349 * x + -0.0000	0.8321109363490389	148.68942352534384	3.735143291408904e-13	MDTB_ses2
group	cereb_gray vs dentate	SpatialNav	-0.013968942125565412	-0.021916900156550692	1.7349 * x + -0.0000	0.8321109363490389	148.68942352534384	3.735143291408904e-13	MDTB_ses2
group	cereb_gray vs dentate	SpatialMap_Easy	0.0033083353800109554	0.005379741903231869	1.7349 * x + -0.0000	0.8321109363490389	148.68942352534384	3.735143291408904e-13	MDTB_ses2
group	cereb_gray vs dentate	SpatialMap_Med	0.009756421105606948	0.026389465343797637	1.7349 * x + -0.0000	0.8321109363490389	148.68942352534384	3.735143291408904e-13	MDTB_ses2
group	cereb_gray vs dentate	SpatialMap_Diff	0.015730874457121846	0.03412698129972696	1.7349 * x + -0.0000	0.8321109363490389	148.68942352534384	3.735143291408904e-13	MDTB_ses2
group	cereb_gray vs dentate	NatureMovie	-0.006123420180583573	-0.012924587177705683	1.7349 * x + -0.0000	0.8321109363490389	148.68942352534384	3.735143291408904e-13	MDTB_ses2
group	cereb_gray vs dentate	RomanceMovie	-0.007713021647723332	-0.007627635754118066	1.7349 * x + -0.0000	0.8321109363490389	148.68942352534384	3.735143291408904e-13	MDTB_ses2
group	cereb_gray vs dentate	LandscapeMovie	-0.008379878081920158	-0.013997243512352753	1.7349 * x + -0.0000	0.8321109363490389	148.68942352534384	3.735143291408904e-13	MDTB_ses2
group	cereb_gray vs dentate	FingerSimple	0.0021221858487049457	-0.001025413769121262	1.7349 * x + -0.0000	0.8321109363490389	148.68942352534384	3.735143291408904e-13	MDTB_ses2
group	cereb_gray vs dentate	FingerSeq	0.015429675064301533	0.03591341219838531	1.7349 * x + -0.0000	0.8321109363490389	148.68942352534384	3.735143291408904e-13	MDTB_ses2
group	cereb_gray vs dentate	MentalRotation_Easy	0.002866884359231262	0.006034885036901905	1.7349 * x + -0.0000	0.8321109363490389	148.68942352534384	3.735143291408904e-13	MDTB_ses2
group	cereb_gray vs dentate	MentalRotation_Med	0.00680345769713951	0.005744416352015043	1.7349 * x + -0.0000	0.8321109363490389	148.68942352534384	3.735143291408904e-13	MDTB_ses2
group	cereb_gray vs dentate	MentalRotation_Diff	0.006771693337185414	0.014482188050853417	1.7349 * x + -0.0000	0.8321109363490389	148.68942352534384	3.735143291408904e-13	MDTB_ses2
group	cereb_gray vs dentate	Object0Back	0.0016614427379691588	0.0014397200611527667	1.7349 * x + -0.0000	0.8321109363490389	148.68942352534384	3.735143291408904e-13	MDTB_ses2
group	cereb_gray vs dentate	Object2Back	-0.006028648758336884	-0.01498231627618414	1.7349 * x + -0.0000	0.8321109363490389	148.68942352534384	3.735143291408904e-13	MDTB_ses2
group	cereb_gray vs dentate	BodyMotionIntact	-0.003341277699911508	-0.009748131223747639	1.7349 * x + -0.0000	0.8321109363490389	148.68942352534384	3.735143291408904e-13	MDTB_ses2
group	cereb_gray vs dentate	BodyMotionScram	-0.0031426873252075015	-0.00513090719617505	1.7349 * x + -0.0000	0.8321109363490389	148.68942352534384	3.735143291408904e-13	MDTB_ses2
group	cereb_gray vs dentate	RespAltEasy	0.006292141806559486	0.012017955491773159	1.7349 * x + -0.0000	0.8321109363490389	148.68942352534384	3.735143291408904e-13	MDTB_ses2
group	cereb_gray vs dentate	RespAltMed	0.007152975891562974	0.011577947132152759	1.7349 * x + -0.0000	0.8321109363490389	148.68942352534384	3.735143291408904e-13	MDTB_ses2
group	cereb_gray vs dentate	RespAltDiff	0.0067349032195098265	0.011151547135261872	1.7349 * x + -0.0000	0.8321109363490389	148.68942352534384	3.735143291408904e-13	MDTB_ses2
group	cereb_gray vs dentate	VisualSearchSmall	0.00043229621867524115	-0.001480212511272385	1.7349 * x + -0.0000	0.8321109363490389	148.68942352534384	3.735143291408904e-13	MDTB_ses2
group	cereb_gray vs dentate	VisualSearchMed	-0.0009915826413095569	-0.004852991086637882	1.7349 * x + -0.0000	0.8321109363490389	148.68942352534384	3.735143291408904e-13	MDTB_ses2
group	cereb_gray vs dentate	VisualSearchLarge	0.005116616401424793	0.006263292885629755	1.7349 * x + -0.0000	0.8321109363490389	148.68942352534384	3.735143291408904e-13	MDTB_ses2
group	cereb_gray vs dentate	ToM	0.004101097137763916	0.008141831537762436	1.7349 * x + -0.0000	0.8321109363490389	148.68942352534384	3.735143291408904e-13	MDTB_ses2
group	cereb_gray vs dentate	VideoAct	-0.015478060867580004	-0.008968654710069607	1.7349 * x + -0.0000	0.8321109363490389	148.68942352534384	3.735143291408904e-13	MDTB_ses2
group	cereb_gray vs dentate	VideoKnots	-0.006422940298581393	0.000602885600505725	1.7349 * x + -0.0000	0.8321109363490389	148.68942352534384	3.735143291408904e-13	MDTB_ses2
group	cereb_gray vs dentate	Rest	-0.01101716265031973	-0.020767198813264068	1.7349 * x + -0.0000	0.8321109363490389	148.68942352534384	3.735143291408904e-13	MDTB_ses2
group	dentate vs cereb_gray	CPRO	-0.0017274519065283418	0.0022787195874427986	0.4796 * x + 0.0000	0.8321109363490389	148.68942352534384	3.735143291408904e-13	MDTB_ses2
group	dentate vs cereb_gray	Prediction	-0.010081854019464632	-0.0022490463830422617	0.4796 * x + 0.0000	0.8321109363490389	148.68942352534384	3.735143291408904e-13	MDTB_ses2
group	dentate vs cereb_gray	PredictViol	-0.014789246328008368	-0.003544332001612374	0.4796 * x + 0.0000	0.8321109363490389	148.68942352534384	3.735143291408904e-13	MDTB_ses2
group	dentate vs cereb_gray	PredictScram	-0.007844168461010647	-0.002122001949272559	0.4796 * x + 0.0000	0.8321109363490389	148.68942352534384	3.735143291408904e-13	MDTB_ses2
group	dentate vs cereb_gray	VerbGen	-0.0049873105087985415	0.0009730104857888632	0.4796 * x + 0.0000	0.8321109363490389	148.68942352534384	3.735143291408904e-13	MDTB_ses2
group	dentate vs cereb_gray	WordRead	-0.01641404661814103	-0.007009728125033246	0.4796 * x + 0.0000	0.8321109363490389	148.68942352534384	3.735143291408904e-13	MDTB_ses2
group	dentate vs cereb_gray	SpatialNav	-0.021916900156550692	-0.013968942125565412	0.4796 * x + 0.0000	0.8321109363490389	148.68942352534384	3.735143291408904e-13	MDTB_ses2
group	dentate vs cereb_gray	SpatialMap_Easy	0.005379741903231869	0.0033083353800109554	0.4796 * x + 0.0000	0.8321109363490389	148.68942352534384	3.735143291408904e-13	MDTB_ses2
group	dentate vs cereb_gray	SpatialMap_Med	0.026389465343797637	0.009756421105606948	0.4796 * x + 0.0000	0.8321109363490389	148.68942352534384	3.735143291408904e-13	MDTB_ses2
group	dentate vs cereb_gray	SpatialMap_Diff	0.03412698129972696	0.015730874457121846	0.4796 * x + 0.0000	0.8321109363490389	148.68942352534384	3.735143291408904e-13	MDTB_ses2
group	dentate vs cereb_gray	NatureMovie	-0.012924587177705683	-0.006123420180583573	0.4796 * x + 0.0000	0.8321109363490389	148.68942352534384	3.735143291408904e-13	MDTB_ses2
group	dentate vs cereb_gray	RomanceMovie	-0.007627635754118066	-0.007713021647723332	0.4796 * x + 0.0000	0.8321109363490389	148.68942352534384	3.735143291408904e-13	MDTB_ses2
group	dentate vs cereb_gray	LandscapeMovie	-0.013997243512352753	-0.008379878081920158	0.4796 * x + 0.0000	0.8321109363490389	148.68942352534384	3.735143291408904e-13	MDTB_ses2
group	dentate vs cereb_gray	FingerSimple	-0.001025413769121262	0.0021221858487049457	0.4796 * x + 0.0000	0.8321109363490389	148.68942352534384	3.735143291408904e-13	MDTB_ses2
group	dentate vs cereb_gray	FingerSeq	0.03591341219838531	0.015429675064301533	0.4796 * x + 0.0000	0.8321109363490389	148.68942352534384	3.735143291408904e-13	MDTB_ses2
group	dentate vs cereb_gray	MentalRotation_Easy	0.006034885036901905	0.002866884359231262	0.4796 * x + 0.0000	0.8321109363490389	148.68942352534384	3.735143291408904e-13	MDTB_ses2
group	dentate vs cereb_gray	MentalRotation_Med	0.005744416352015043	0.00680345769713951	0.4796 * x + 0.0000	0.8321109363490389	148.68942352534384	3.735143291408904e-13	MDTB_ses2
group	dentate vs cereb_gray	MentalRotation_Diff	0.014482188050853417	0.006771693337185414	0.4796 * x + 0.0000	0.8321109363490389	148.68942352534384	3.735143291408904e-13	MDTB_ses2
group	dentate vs cereb_gray	Object0Back	0.0014397200611527667	0.0016614427379691588	0.4796 * x + 0.0000	0.8321109363490389	148.68942352534384	3.735143291408904e-13	MDTB_ses2
group	dentate vs cereb_gray	Object2Back	-0.01498231627618414	-0.006028648758336884	0.4796 * x + 0.0000	0.8321109363490389	148.68942352534384	3.735143291408904e-13	MDTB_ses2
group	dentate vs cereb_gray	BodyMotionIntact	-0.009748131223747639	-0.003341277699911508	0.4796 * x + 0.0000	0.8321109363490389	148.68942352534384	3.735143291408904e-13	MDTB_ses2
group	dentate vs cereb_gray	BodyMotionScram	-0.00513090719617505	-0.0031426873252075015	0.4796 * x + 0.0000	0.8321109363490389	148.68942352534384	3.735143291408904e-13	MDTB_ses2
group	dentate vs cereb_gray	RespAltEasy	0.012017955491773159	0.006292141806559486	0.4796 * x + 0.0000	0.8321109363490389	148.68942352534384	3.735143291408904e-13	MDTB_ses2
group	dentate vs cereb_gray	RespAltMed	0.011577947132152759	0.007152975891562974	0.4796 * x + 0.0000	0.8321109363490389	148.68942352534384	3.735143291408904e-13	MDTB_ses2
group	dentate vs cereb_gray	RespAltDiff	0.011151547135261872	0.0067349032195098265	0.4796 * x + 0.0000	0.8321109363490389	148.68942352534384	3.735143291408904e-13	MDTB_ses2
group	dentate vs cereb_gray	VisualSearchSmall	-0.001480212511272385	0.00043229621867524115	0.4796 * x + 0.0000	0.8321109363490389	148.68942352534384	3.735143291408904e-13	MDTB_ses2
group	dentate vs cereb_gray	VisualSearchMed	-0.004852991086637882	-0.0009915826413095569	0.4796 * x + 0.0000	0.8321109363490389	148.68942352534384	3.735143291408904e-13	MDTB_ses2
group	dentate vs cereb_gray	VisualSearchLarge	0.006263292885629755	0.005116616401424793	0.4796 * x + 0.0000	0.8321109363490389	148.68942352534384	3.735143291408904e-13	MDTB_ses2
group	dentate vs cereb_gray	ToM	0.008141831537762436	0.004101097137763916	0.4796 * x + 0.0000	0.8321109363490389	148.68942352534384	3.735143291408904e-13	MDTB_ses2
group	dentate vs cereb_gray	VideoAct	-0.008968654710069607	-0.015478060867580004	0.4796 * x + 0.0000	0.8321109363490389	148.68942352534384	3.735143291408904e-13	MDTB_ses2
group	dentate vs cereb_gray	VideoKnots	0.000602885600505725	-0.006422940298581393	0.4796 * x + 0.0000	0.8321109363490389	148.68942352534384	3.735143291408904e-13	MDTB_ses2
group	dentate vs cereb_gray	Rest	-0.020767198813264068	-0.01101716265031973	0.4796 * x + 0.0000	0.8321109363490389	148.68942352534384	3.735143291408904e-13	MDTB_ses2
group	dentate vs cereb_gray	Rest	-0.030829534331092687	-0.017322218938502124	0.4425 * x + -0.0000	0.7769020767652647	55.71738655390977	1.3464189279821454e-06	Language
group	dentate vs cereb_gray	Word_reading	-0.0003813305195827665	0.0009395995879396513	0.4425 * x + -0.0000	0.7769020767652647	55.71738655390977	1.3464189279821454e-06	Language
group	dentate vs cereb_gray	Verb_generation	-0.03952005635744433	-0.01826938535550548	0.4425 * x + -0.0000	0.7769020767652647	55.71738655390977	1.3464189279821454e-06	Language
group	dentate vs cereb_gray	Act_Obs_Act	0.013460863540718319	0.01103154800797324	0.4425 * x + -0.0000	0.7769020767652647	55.71738655390977	1.3464189279821454e-06	Language
group	dentate vs cereb_gray	Act_Obs	0.019760365724155987	-0.0055560510683852265	0.4425 * x + -0.0000	0.7769020767652647	55.71738655390977	1.3464189279821454e-06	Language
group	dentate vs cereb_gray	Intact_passage	-0.020381839959261152	-0.00561639267617901	0.4425 * x + -0.0000	0.7769020767652647	55.71738655390977	1.3464189279821454e-06	Language
group	dentate vs cereb_gray	Degraded_passage	0.006448323002909146	-0.004261396569888486	0.4425 * x + -0.0000	0.7769020767652647	55.71738655390977	1.3464189279821454e-06	Language
group	dentate vs cereb_gray	Tongue_movement	-0.026540967943281445	-0.0033969814536976206	0.4425 * x + -0.0000	0.7769020767652647	55.71738655390977	1.3464189279821454e-06	Language
group	dentate vs cereb_gray	Finger_Seq	0.05034413279072247	0.026055205976309264	0.4425 * x + -0.0000	0.7769020767652647	55.71738655390977	1.3464189279821454e-06	Language
group	dentate vs cereb_gray	ToM	0.01907109681121284	0.018946188337271998	0.4425 * x + -0.0000	0.7769020767652647	55.71738655390977	1.3464189279821454e-06	Language
group	dentate vs cereb_gray	Aud_Narr	-0.012614482281385047	-0.00938564743920202	0.4425 * x + -0.0000	0.7769020767652647	55.71738655390977	1.3464189279821454e-06	Language
group	dentate vs cereb_gray	N_back	0.022352027482303884	0.009418584472483393	0.4425 * x + -0.0000	0.7769020767652647	55.71738655390977	1.3464189279821454e-06	Language
group	dentate vs cereb_gray	Oddball	-0.013382181451235193	0.00015293147489422394	0.4425 * x + -0.0000	0.7769020767652647	55.71738655390977	1.3464189279821454e-06	Language
group	dentate vs cereb_gray	Demand_Grid	0.04735477037023691	0.0210699265875058	0.4425 * x + -0.0000	0.7769020767652647	55.71738655390977	1.3464189279821454e-06	Language
group	dentate vs cereb_gray	Rom_mov	0.0031363762453960843	-0.002013007587612564	0.4425 * x + -0.0000	0.7769020767652647	55.71738655390977	1.3464189279821454e-06	Language
group	dentate vs cereb_gray	Spatial_Nav	-0.014344954629599466	-0.012472313987181986	0.4425 * x + -0.0000	0.7769020767652647	55.71738655390977	1.3464189279821454e-06	Language
group	dentate vs cereb_gray	Sentence_Reading	-0.007723398824729883	-0.0036301646880048484	0.4425 * x + -0.0000	0.7769020767652647	55.71738655390977	1.3464189279821454e-06	Language
group	dentate vs cereb_gray	Non-word_reading	-0.016209209670043277	-0.005690424680218092	0.4425 * x + -0.0000	0.7769020767652647	55.71738655390977	1.3464189279821454e-06	Language
group	cereb_gray vs dentate	Rest	-0.017322218938502124	-0.030829534331092687	1.7558 * x + 0.0000	0.7769020767652647	55.71738655390977	1.3464189279821454e-06	Language
group	cereb_gray vs dentate	Word_reading	0.0009395995879396513	-0.0003813305195827665	1.7558 * x + 0.0000	0.7769020767652647	55.71738655390977	1.3464189279821454e-06	Language
group	cereb_gray vs dentate	Verb_generation	-0.01826938535550548	-0.03952005635744433	1.7558 * x + 0.0000	0.7769020767652647	55.71738655390977	1.3464189279821454e-06	Language
group	cereb_gray vs dentate	Act_Obs_Act	0.01103154800797324	0.013460863540718319	1.7558 * x + 0.0000	0.7769020767652647	55.71738655390977	1.3464189279821454e-06	Language
group	cereb_gray vs dentate	Act_Obs	-0.0055560510683852265	0.019760365724155987	1.7558 * x + 0.0000	0.7769020767652647	55.71738655390977	1.3464189279821454e-06	Language
group	cereb_gray vs dentate	Intact_passage	-0.00561639267617901	-0.020381839959261152	1.7558 * x + 0.0000	0.7769020767652647	55.71738655390977	1.3464189279821454e-06	Language
group	cereb_gray vs dentate	Degraded_passage	-0.004261396569888486	0.006448323002909146	1.7558 * x + 0.0000	0.7769020767652647	55.71738655390977	1.3464189279821454e-06	Language
group	cereb_gray vs dentate	Tongue_movement	-0.0033969814536976206	-0.026540967943281445	1.7558 * x + 0.0000	0.7769020767652647	55.71738655390977	1.3464189279821454e-06	Language
group	cereb_gray vs dentate	Finger_Seq	0.026055205976309264	0.05034413279072247	1.7558 * x + 0.0000	0.7769020767652647	55.71738655390977	1.3464189279821454e-06	Language
group	cereb_gray vs dentate	ToM	0.018946188337271998	0.01907109681121284	1.7558 * x + 0.0000	0.7769020767652647	55.71738655390977	1.3464189279821454e-06	Language
group	cereb_gray vs dentate	Aud_Narr	-0.00938564743920202	-0.012614482281385047	1.7558 * x + 0.0000	0.7769020767652647	55.71738655390977	1.3464189279821454e-06	Language
group	cereb_gray vs dentate	N_back	0.009418584472483393	0.022352027482303884	1.7558 * x + 0.0000	0.7769020767652647	55.71738655390977	1.3464189279821454e-06	Language
group	cereb_gray vs dentate	Oddball	0.00015293147489422394	-0.013382181451235193	1.7558 * x + 0.0000	0.7769020767652647	55.71738655390977	1.3464189279821454e-06	Language
group	cereb_gray vs dentate	Demand_Grid	0.0210699265875058	0.04735477037023691	1.7558 * x + 0.0000	0.7769020767652647	55.71738655390977	1.3464189279821454e-06	Language
group	cereb_gray vs dentate	Rom_mov	-0.002013007587612564	0.0031363762453960843	1.7558 * x + 0.0000	0.7769020767652647	55.71738655390977	1.3464189279821454e-06	Language
group	cereb_gray vs dentate	Spatial_Nav	-0.012472313987181986	-0.014344954629599466	1.7558 * x + 0.0000	0.7769020767652647	55.71738655390977	1.3464189279821454e-06	Language
group	cereb_gray vs dentate	Sentence_Reading	-0.0036301646880048484	-0.007723398824729883	1.7558 * x + 0.0000	0.7769020767652647	55.71738655390977	1.3464189279821454e-06	Language
group	cereb_gray vs dentate	Non-word_reading	-0.005690424680218092	-0.016209209670043277	1.7558 * x + 0.0000	0.7769020767652647	55.71738655390977	1.3464189279821454e-06	Language
