group	individual	noise	subj_id	dataset	atlas
0.0009329601482915616	0.01214550178459289	0.9869215380671156	S98	Pontine7T	MNISymDentate1
0.00043251123013110824	0.004634784838150975	0.9949327039317178	S97	Pontine7T	MNISymDentate1
0.0013857842512686183	0.005877929532923109	0.9927362862158082	S96	Pontine7T	MNISymDentate1
0.0022726454291590774	0.020358525722160778	0.9773688288486801	S95	Pontine7T	MNISymDentate1
0.0014719123545216372	0.006385366390005064	0.9921427212554733	S01	Pontine7T	MNISymDentate1
0.0014594245966106625	0.007516195805263549	0.9910243795981257	S03	Pontine7T	MNISymDentate1
0.0008528311023449971	0.0027862626683610027	0.996360906229294	S04	Pontine7T	MNISymDentate1
0.001468834135039596	0.005534235811025296	0.9929969300539351	S07	Pontine7T	MNISymDentate1
0.0017331926119929617	0.01464177542492301	0.983625031963084	S08	Pontine7T	MNISymDentate1
0.0011800571402129673	0.0072648214220042435	0.9915551214377828	S10	Pontine7T	MNISymDentate1
0.00046937114890017014	0.007487417552580942	0.9920432112985189	S11	Pontine7T	MNISymDentate1
-0.0007909224465816344	0.034954192788484696	0.965836729658097	S12	Pontine7T	MNISymDentate1
0.0017356592811644523	0.010708279101633411	0.9875560616172022	S13	Pontine7T	MNISymDentate1
0.0028310724002023574	0.011474759679331138	0.9856941679204665	S14	Pontine7T	MNISymDentate1
0.0011729689868749298	0.006797810018973557	0.9920292209941515	S16	Pontine7T	MNISymDentate1
0.0016143214267003818	0.008778449032854662	0.989607229540445	S17	Pontine7T	MNISymDentate1
0.006071554612682905	0.050576986502996496	0.9433514588843206	sub-01	Language	MNISymDentate1
0.0019383419529395913	0.03792573986355945	0.960135918183501	sub-02	Language	MNISymDentate1
-0.0006456907944891309	-0.0032733528752536233	1.0039190436697427	sub-03	Language	MNISymDentate1
0.00515244760869306	0.01617440870391048	0.9786731436873964	sub-04	Language	MNISymDentate1
0.003552721375268703	0.027022955010215313	0.9694243236145159	sub-06	Language	MNISymDentate1
0.0012257780746719018	0.024325393883422072	0.9744488280419059	sub-07	Language	MNISymDentate1
0.0032857067577207735	0.014318663081684361	0.9823956301605948	sub-08	Language	MNISymDentate1
0.0033392543975292502	0.009109268871172624	0.9875514767312982	sub-09	Language	MNISymDentate1
0.003728984206313796	0.02436752154445621	0.97190349424923	sub-10	Language	MNISymDentate1
0.003504758890934258	0.014443623628693381	0.9820516174803723	sub-12	Language	MNISymDentate1
0.005172838092733543	0.011157693544907496	0.9836694683623589	sub-13	Language	MNISymDentate1
0.0030122594313695926	0.04509125326560657	0.9518964873030239	sub-14	Language	MNISymDentate1
0.003372209967828574	0.02881433485641018	0.9678134551757613	sub-15	Language	MNISymDentate1
0.0031547579904209234	0.00880683234787504	0.988038409661704	sub-16	Language	MNISymDentate1
0.005810531497633081	0.02418912406109467	0.9700003444412724	sub-17	Language	MNISymDentate1
0.0019949405345053178	0.013959842729877657	0.984045216735617	sub-18	Language	MNISymDentate1
0.003305982281997133	0.037688185829400145	0.9590058318886027	sub-19	Language	MNISymDentate1
0.00012622346621921334	-0.001050306614824552	1.0009240831486053	sub-02	MDTB	MNISymDentate1
-0.00014724346493143517	0.0006388843386901526	0.9995083591262413	sub-03	MDTB	MNISymDentate1
0.00014893733431982955	0.0005408840075515613	0.9993101786581287	sub-04	MDTB	MNISymDentate1
3.8575401319482965e-05	0.00015757125263773065	0.9998038533460427	sub-06	MDTB	MNISymDentate1
-3.4925698104990284e-06	-0.0003153869304039176	1.0003188795002145	sub-08	MDTB	MNISymDentate1
0.000388644635360401	0.00015326785674647756	0.999458087507893	sub-09	MDTB	MNISymDentate1
0.00021235794285388406	-0.0026588554741279243	1.0024464975312741	sub-10	MDTB	MNISymDentate1
1.886739745556102e-05	-0.0002179658140580025	1.0001990984166025	sub-12	MDTB	MNISymDentate1
8.176556731437468e-05	-0.0007905402548061898	1.0007087746874919	sub-14	MDTB	MNISymDentate1
5.2515947136907235e-05	-0.0008255000461130851	1.000772984098976	sub-15	MDTB	MNISymDentate1
8.375375057504023e-05	-0.001507769832569184	1.0014240160819943	sub-17	MDTB	MNISymDentate1
-4.304936186526291e-05	-0.0013384005878742421	1.0013814499497395	sub-18	MDTB	MNISymDentate1
-0.00022025157340795822	0.00014224007594904487	1.000078011497459	sub-19	MDTB	MNISymDentate1
-0.00011641354117452406	0.0003749714788821129	0.9997414420622924	sub-20	MDTB	MNISymDentate1
0.0004038341678482323	0.0013507041449876693	0.9982454616871641	sub-21	MDTB	MNISymDentate1
-1.3480097341871322e-05	-0.0017341185110391643	1.001747598608381	sub-22	MDTB	MNISymDentate1
0.0003887964661138553	-2.6518764656290847e-05	0.9996377222985424	sub-24	MDTB	MNISymDentate1
0.00021810915101764985	-0.0005097241862078177	1.0002916150351902	sub-25	MDTB	MNISymDentate1
0.00037751820773747693	-0.0008926016581446879	1.0005150834504073	sub-26	MDTB	MNISymDentate1
0.0001286688740868474	-0.0017795094298784567	1.0016508405557916	sub-27	MDTB	MNISymDentate1
0.0003494642511592438	-0.0004591304281676755	1.0001096661770086	sub-28	MDTB	MNISymDentate1
8.693583007136782e-05	-0.0012155458742919088	1.0011286100442205	sub-29	MDTB	MNISymDentate1
-0.00015806255750298848	-0.0013782222224410685	1.001536284779944	sub-30	MDTB	MNISymDentate1
-7.4986987106195365e-06	0.0018049751943979505	0.9982025235043127	sub-31	MDTB	MNISymDentate1
0.000630257828359	0.03882681576011727	0.9605429264115238	S98	Pontine7T	MNISymRedNucleus1
0.002108257087201498	0.0012482201173313941	0.9966435227954671	S97	Pontine7T	MNISymRedNucleus1
0.0004147375962233516	0.003026262604800167	0.9965589997989764	S96	Pontine7T	MNISymRedNucleus1
-7.565404997019314e-05	0.020052935777109485	0.9800227182728607	S95	Pontine7T	MNISymRedNucleus1
0.0015973843544862967	0.0066824904397920735	0.9917201252057216	S01	Pontine7T	MNISymRedNucleus1
0.00018550474842487315	0.010114594310980558	0.9896999009405945	S03	Pontine7T	MNISymRedNucleus1
0.0003288304059763882	0.003569533986236722	0.9961016356077869	S04	Pontine7T	MNISymRedNucleus1
0.00019609922811799434	0.0023214675872398867	0.997482433184642	S07	Pontine7T	MNISymRedNucleus1
0.0005015710861332988	0.022987017900172813	0.9765114110136939	S08	Pontine7T	MNISymRedNucleus1
0.001924204721878411	0.01146468410055491	0.9866111111775667	S10	Pontine7T	MNISymRedNucleus1
0.00021303382636301315	0.00437540032261867	0.9954115658510183	S11	Pontine7T	MNISymRedNucleus1
-0.0012157354198797123	0.02704325177308436	0.9741724836467953	S12	Pontine7T	MNISymRedNucleus1
0.0008193274525494611	0.004688630400919438	0.9944920421465312	S13	Pontine7T	MNISymRedNucleus1
0.0016045925106544091	0.010514807899835589	0.98788059958951	S14	Pontine7T	MNISymRedNucleus1
-0.0003822075127629872	0.006439886455727229	0.9939423210570357	S16	Pontine7T	MNISymRedNucleus1
-0.0007956876305631597	0.013728617736909868	0.9870670698936532	S17	Pontine7T	MNISymRedNucleus1
0.006912438387483055	0.05325573120261288	0.939831830409904	sub-01	Language	MNISymRedNucleus1
0.006380427851771943	0.06429495581564906	0.929324616332579	sub-02	Language	MNISymRedNucleus1
0.0011197735210571925	-0.009181254603871425	1.0080614810828143	sub-03	Language	MNISymRedNucleus1
0.007552562568438396	0.023380643216656016	0.9690667942149055	sub-04	Language	MNISymRedNucleus1
0.006192158352492846	0.005207746789350559	0.9886000948581566	sub-06	Language	MNISymRedNucleus1
0.0050315848223854015	0.07733819969618363	0.917630215481431	sub-07	Language	MNISymRedNucleus1
0.001968463302097043	0.033201251040814804	0.9648302856570882	sub-08	Language	MNISymRedNucleus1
0.0077324541910991865	0.0033653342538660716	0.9889022115550348	sub-09	Language	MNISymRedNucleus1
0.005540419198615558	0.03767035705238032	0.9567892237490042	sub-10	Language	MNISymRedNucleus1
0.00622659168934039	0.020718479953688633	0.9730549283569709	sub-12	Language	MNISymRedNucleus1
0.009155696903059113	0.025436858554499724	0.9654074445424411	sub-13	Language	MNISymRedNucleus1
0.004855882101484903	0.03372513925205954	0.9614189786464555	sub-14	Language	MNISymRedNucleus1
0.005940251523507021	0.022562052482897717	0.9714976959935953	sub-15	Language	MNISymRedNucleus1
0.00595750434199512	0.019007314174599384	0.9750351814834054	sub-16	Language	MNISymRedNucleus1
0.005772917644493486	0.02435062377401485	0.9698764585814916	sub-17	Language	MNISymRedNucleus1
0.004306233679970589	0.01682341691802801	0.9788703494020013	sub-18	Language	MNISymRedNucleus1
0.00388657835908358	0.02827808665623272	0.9678353349846837	sub-19	Language	MNISymRedNucleus1
7.105477771648205e-05	-0.00014426504132024074	1.0000732102636036	sub-02	MDTB	MNISymRedNucleus1
0.0004955737775163473	-0.0026348938156853744	1.002139320038169	sub-03	MDTB	MNISymRedNucleus1
0.00038442967915818736	3.0788730123978465e-05	0.9995847815907178	sub-04	MDTB	MNISymRedNucleus1
0.00047308378017084016	-0.0037521542081757637	1.003279070428005	sub-06	MDTB	MNISymRedNucleus1
-3.3526236588400195e-05	0.0013766623991411223	0.9986568638374473	sub-08	MDTB	MNISymRedNucleus1
8.171990813667244e-05	0.0030112536468571136	0.9969070264450062	sub-09	MDTB	MNISymRedNucleus1
-5.385552984748166e-05	-0.00225179709388066	1.0023056526237282	sub-10	MDTB	MNISymRedNucleus1
4.767966126933466e-06	-0.0009328654632725245	1.0009280974971455	sub-12	MDTB	MNISymRedNucleus1
5.24257687563254e-05	-0.0014812328806362359	1.00142880711188	sub-14	MDTB	MNISymRedNucleus1
-0.00020308358615325094	0.004068356833417572	0.9961347267527356	sub-15	MDTB	MNISymRedNucleus1
0.0002467094539623928	-0.0007539710274802556	1.0005072615735178	sub-17	MDTB	MNISymRedNucleus1
-4.538146117192781e-05	-0.0022126127223909245	1.0022579941835628	sub-18	MDTB	MNISymRedNucleus1
0.0001953012387492013	-0.0016616466997760406	1.0014663454610269	sub-19	MDTB	MNISymRedNucleus1
3.556683478588205e-05	0.0006473090991857863	0.9993171240660282	sub-20	MDTB	MNISymRedNucleus1
0.00016391582022389845	0.002851365991638641	0.9969847181881375	sub-21	MDTB	MNISymRedNucleus1
0.00027710458223687327	-0.0024968953473312803	1.0022197907650945	sub-22	MDTB	MNISymRedNucleus1
0.0005392958264106355	0.00013134251276683055	0.9993293616608224	sub-24	MDTB	MNISymRedNucleus1
0.00016796070758751886	0.0016366439381009267	0.9981953953543115	sub-25	MDTB	MNISymRedNucleus1
0.0001558569065774624	3.4599667248605224e-05	0.9998095434261739	sub-26	MDTB	MNISymRedNucleus1
-9.192743551045203e-05	-0.0016741553485542246	1.0017660827840646	sub-27	MDTB	MNISymRedNucleus1
-8.568428982941241e-05	0.00017162755507695005	0.9999140567347524	sub-28	MDTB	MNISymRedNucleus1
0.00031459091643464275	-0.0017386647667083223	1.0014240738502738	sub-29	MDTB	MNISymRedNucleus1
0.00023988540079873278	-0.0013667683101678963	1.0011268829093691	sub-30	MDTB	MNISymRedNucleus1
0.0001244286414427406	0.0015438404924534431	0.9983317308661038	sub-31	MDTB	MNISymRedNucleus1
-0.0012369762356958275	0.03243113384653998	0.9688058423891559	S98	Pontine7T	MNISymOlive1
-0.00016312262926596906	0.0007476947810769242	0.999415427848189	S97	Pontine7T	MNISymOlive1
0.0020637893432239604	0.014187597481055391	0.9837486131757206	S96	Pontine7T	MNISymOlive1
0.0007097684839683294	0.020139233137710474	0.9791509983783212	S95	Pontine7T	MNISymOlive1
0.00038036854313760847	0.010378789997561002	0.9892408414593015	S01	Pontine7T	MNISymOlive1
9.302672429526228e-05	0.01451525719763933	0.9853917160780655	S03	Pontine7T	MNISymOlive1
0.00044068411639616966	0.006896012778109133	0.9926633031054948	S04	Pontine7T	MNISymOlive1
0.000769097013838777	0.011912919034129043	0.9873179839520322	S07	Pontine7T	MNISymOlive1
0.0011723901155602913	0.012644402095355393	0.9861832077890842	S08	Pontine7T	MNISymOlive1
0.0009664824802884201	0.01932264120521279	0.9797108763144988	S10	Pontine7T	MNISymOlive1
0.0012744516692268328	0.011174992995575669	0.9875505553351975	S11	Pontine7T	MNISymOlive1
0.0015326358391459345	0.0846342079773676	0.9138331561834865	S12	Pontine7T	MNISymOlive1
0.001509397725511508	0.014480435282261558	0.984010166992227	S13	Pontine7T	MNISymOlive1
0.0032595330085517763	0.01619246194630395	0.9805480050451443	S14	Pontine7T	MNISymOlive1
0.0003719606341390626	0.006083518264324805	0.9935445211015361	S16	Pontine7T	MNISymOlive1
0.0023950903689812287	0.021930308569956432	0.9756746010610623	S17	Pontine7T	MNISymOlive1
0.009580258304339217	0.09127119229178007	0.8991485494038807	sub-01	Language	MNISymOlive1
0.0018335044855271392	0.10999614550670762	0.8881703500077652	sub-02	Language	MNISymOlive1
0.002471754642787327	-0.010187702064557337	1.00771594742177	sub-03	Language	MNISymOlive1
0.01579849514623406	0.08853813070017125	0.8956633741535946	sub-04	Language	MNISymOlive1
0.004843551490624729	0.023835261174418466	0.9713211873349568	sub-06	Language	MNISymOlive1
0.008688018734147256	0.10811647761210533	0.8831955036537474	sub-07	Language	MNISymOlive1
0.0022378324706656396	0.08123626575362926	0.916525901775705	sub-08	Language	MNISymOlive1
0.003067094153454007	0.024028758408207767	0.9729041474383382	sub-09	Language	MNISymOlive1
0.007464639386473582	0.04016182482670142	0.9523735357868249	sub-10	Language	MNISymOlive1
0.0060889104998399475	0.07506143878794334	0.9188496507122168	sub-12	Language	MNISymOlive1
0.006603347635201879	0.018575338382856556	0.9748213139819415	sub-13	Language	MNISymOlive1
0.008573815802626103	0.1313201239613883	0.8601060602359856	sub-14	Language	MNISymOlive1
0.01827897198983528	0.08062234798629625	0.9010986800238685	sub-15	Language	MNISymOlive1
0.006091344983576876	0.012672283087455959	0.9812363719289672	sub-16	Language	MNISymOlive1
0.01802874474230778	0.1014959118173375	0.8804753434403547	sub-17	Language	MNISymOlive1
0.01531618135578308	0.03770989593680122	0.9469739227074158	sub-18	Language	MNISymOlive1
0.027930996524435876	0.1355437435161494	0.8365252599594147	sub-19	Language	MNISymOlive1
0.00014785303860602488	0.0034641831231696785	0.9963879638382244	sub-02	MDTB	MNISymOlive1
6.903085588243005e-05	-0.002302459393479155	1.0022334285375967	sub-03	MDTB	MNISymOlive1
-0.0001632315923548475	0.0005030755353864691	0.9996601560569685	sub-04	MDTB	MNISymOlive1
6.582535522541947e-05	-0.0008125726147242365	1.0007467472594989	sub-06	MDTB	MNISymOlive1
-0.0001253095021744943	-0.002094829358768703	1.0022201388609433	sub-08	MDTB	MNISymOlive1
0.00011551665264277635	-0.005379864783762827	1.00526434813112	sub-09	MDTB	MNISymOlive1
-3.3584969786206725e-05	-0.005057524298876195	1.0050911092686623	sub-10	MDTB	MNISymOlive1
0.0004526089140452809	-0.00018653899644098822	0.9997339300823956	sub-12	MDTB	MNISymOlive1
-4.263586337764599e-05	-0.0031178064812737803	1.0031604423446514	sub-14	MDTB	MNISymOlive1
-0.0004057135105664308	0.0010666748715500009	0.9993390386390165	sub-15	MDTB	MNISymOlive1
2.3928938148536393e-05	-0.0023255676810843614	1.0023016387429358	sub-17	MDTB	MNISymOlive1
0.0001599087471514697	0.0007609003015054944	0.9990791909513431	sub-18	MDTB	MNISymOlive1
-8.443868936652673e-05	0.002087992379113452	0.9979964463102531	sub-19	MDTB	MNISymOlive1
5.659261939244386e-05	-0.00023833806232817625	1.0001817454429358	sub-20	MDTB	MNISymOlive1
-0.00029237567676107225	0.002376935186214896	0.9979154404905463	sub-21	MDTB	MNISymOlive1
6.223502223265569e-05	-8.067939837241319e-05	1.0000184443761397	sub-22	MDTB	MNISymOlive1
0.0001776360418862749	0.0014401060627352502	0.9983822578953785	sub-24	MDTB	MNISymOlive1
-1.719437086486319e-06	-0.0011492541216317825	1.0011509735587183	sub-25	MDTB	MNISymOlive1
6.775740020328346e-05	-0.004333974560978678	1.0042662171607752	sub-26	MDTB	MNISymOlive1
0.00023195759196435422	-0.003116959051085212	1.0028850014591209	sub-27	MDTB	MNISymOlive1
0.00011161548887806854	0.0016006863125368233	0.9982876981985851	sub-28	MDTB	MNISymOlive1
0.0002096583569970962	-0.0007401278031463707	1.0005304694461492	sub-29	MDTB	MNISymOlive1
-0.00022770071053413278	0.0015912363774664027	0.9986364643330676	sub-30	MDTB	MNISymOlive1
0.00011063965967279256	0.005108834857303545	0.9947805254830236	sub-31	MDTB	MNISymOlive1
4.071008360098627e-05	0.029414839168866405	0.9705444507475326	S98	Pontine7T	MNISymPontine1
0.00020821157876433114	0.003394649878063985	0.9963971385431717	S97	Pontine7T	MNISymPontine1
0.0003671991753847377	0.011088913390147925	0.9885438874344673	S96	Pontine7T	MNISymPontine1
9.876638786663879e-05	0.02903358723129618	0.9708676463808372	S95	Pontine7T	MNISymPontine1
0.0006879011835411532	0.01116484060042413	0.9881472582160348	S01	Pontine7T	MNISymPontine1
6.664240244807084e-05	0.014905366444750637	0.9850279911528013	S03	Pontine7T	MNISymPontine1
0.0007102349639911298	0.005306097659162134	0.9939836673768467	S04	Pontine7T	MNISymPontine1
0.0003707516629692334	0.007332276240933841	0.9922969720960969	S07	Pontine7T	MNISymPontine1
4.1188738338641114e-05	0.02105868821550464	0.9789001230461567	S08	Pontine7T	MNISymPontine1
0.0001849684313262735	0.010905168074792027	0.9889098634938817	S10	Pontine7T	MNISymPontine1
-7.088789763241034e-05	0.009864593679882466	0.99020629421775	S11	Pontine7T	MNISymPontine1
-4.252135303089359e-05	0.04490811218639435	0.9551344091666366	S12	Pontine7T	MNISymPontine1
0.0002484223847983754	0.008325509215403093	0.9914260683997985	S13	Pontine7T	MNISymPontine1
0.0002701499255653536	0.006093677274434677	0.9936361727999999	S14	Pontine7T	MNISymPontine1
0.00012292640877329671	0.004670806452834546	0.9952062671383922	S16	Pontine7T	MNISymPontine1
0.00047208149951905753	0.008367073713984074	0.9911608447864968	S17	Pontine7T	MNISymPontine1
0.0022854211547719857	0.03145196325347263	0.9662626155917554	sub-01	Language	MNISymPontine1
0.003321123431885996	0.11110322632483817	0.8855756502432759	sub-02	Language	MNISymPontine1
-0.0009725691426764202	-0.0028118874772784775	1.0037844566199547	sub-03	Language	MNISymPontine1
-0.0006977577350308501	0.0257196586030554	0.9749780991319754	sub-04	Language	MNISymPontine1
-5.05102343794533e-06	0.01194862558350305	0.9880564254399349	sub-06	Language	MNISymPontine1
0.0038968551631166017	0.08043069593816564	0.9156724488987178	sub-07	Language	MNISymPontine1
0.006621918285706009	0.025495098087470587	0.9678829836268235	sub-08	Language	MNISymPontine1
0.004006142878318259	0.014219885907278993	0.9817739712144028	sub-09	Language	MNISymPontine1
0.005666235932246937	0.03790932059024668	0.9564244434775063	sub-10	Language	MNISymPontine1
0.0030689261815474915	0.028583046947450955	0.9683480268710015	sub-12	Language	MNISymPontine1
0.005635021301386035	0.022527411116999102	0.9718375675816149	sub-13	Language	MNISymPontine1
0.009521890713741215	0.09943183520602716	0.8910462740802316	sub-14	Language	MNISymPontine1
0.0073870104395718575	0.04883898124087198	0.9437740083195562	sub-15	Language	MNISymPontine1
0.006513939787212577	0.005196510927846667	0.9882895492849407	sub-16	Language	MNISymPontine1
0.010380188909560887	0.04683681137373696	0.9427829997167022	sub-17	Language	MNISymPontine1
0.0030080836605110967	0.030294779863688042	0.9666971364758009	sub-18	Language	MNISymPontine1
0.014984054999785501	0.10130968375373975	0.8837062612464748	sub-19	Language	MNISymPontine1
7.334375537243412e-05	0.0004922191088156337	0.9994344371358119	sub-02	MDTB	MNISymPontine1
0.0002899917608176234	-0.0013565511860516516	1.001066559425234	sub-03	MDTB	MNISymPontine1
6.083009356791765e-05	-0.00011357674447867295	1.0000527466509106	sub-04	MDTB	MNISymPontine1
0.00013172200866505505	0.0013592481052279641	0.998509029886107	sub-06	MDTB	MNISymPontine1
0.00014613060410850496	-0.0022129689795147554	1.0020668383754063	sub-08	MDTB	MNISymPontine1
0.00028911602282185797	-0.0005637301205168368	1.000274614097695	sub-09	MDTB	MNISymPontine1
4.121167683713409e-05	-0.00010056824385829123	1.0000593565670213	sub-10	MDTB	MNISymPontine1
9.801121403469929e-05	-0.0007883376538807353	1.0006903264398461	sub-12	MDTB	MNISymPontine1
9.509253441063697e-06	0.000843339495684213	0.9991471512508747	sub-14	MDTB	MNISymPontine1
3.592408270962497e-05	0.0015446162880355125	0.9984194596292548	sub-15	MDTB	MNISymPontine1
6.586635844161715e-06	0.0008047456065132592	0.9991886677576426	sub-17	MDTB	MNISymPontine1
0.00016848946992007214	-0.0007574584510564668	1.0005889689811365	sub-18	MDTB	MNISymPontine1
2.1707043044242847e-05	0.000880351459239951	0.9990979414977158	sub-19	MDTB	MNISymPontine1
3.8572454703581654e-05	-0.001042148320026887	1.0010035758653233	sub-20	MDTB	MNISymPontine1
0.00011904164929361227	2.6693788694698465e-05	0.9998542645620117	sub-21	MDTB	MNISymPontine1
9.347021357814197e-05	-0.0015640964458800122	1.0014706262323019	sub-22	MDTB	MNISymPontine1
0.0002244288678967485	-0.0008863347513979026	1.0006619058835011	sub-24	MDTB	MNISymPontine1
5.215609695135799e-05	-9.185598921327666e-05	1.0000396998922618	sub-25	MDTB	MNISymPontine1
0.00011443621248469745	-0.0007972487080621272	1.0006828124955773	sub-26	MDTB	MNISymPontine1
0.00015640865882658842	-0.0002982742183490634	1.0001418655595224	sub-27	MDTB	MNISymPontine1
8.789269982538627e-05	-0.000343745151732836	1.0002558524519074	sub-28	MDTB	MNISymPontine1
0.00021592467759212874	-0.0019266668057982648	1.001710742128206	sub-29	MDTB	MNISymPontine1
-0.00020024325776705275	0.0015554735811390437	0.998644769676628	sub-30	MDTB	MNISymPontine1
8.950905737447334e-05	0.0011956843577456003	0.99871480658488	sub-31	MDTB	MNISymPontine1
0.0004390460768505764	0.02529022193222963	0.9742707319909197	S98	Pontine7T	MNISymThalamus1
0.0008629146937160146	0.004063149272058574	0.9950739360342254	S97	Pontine7T	MNISymThalamus1
0.0004776351006700636	0.003109268907273048	0.9964130959920569	S96	Pontine7T	MNISymThalamus1
0.00035055031716042757	0.018061458251696548	0.9815879914311431	S95	Pontine7T	MNISymThalamus1
0.001183646495288082	0.006195461371144723	0.9926208921335671	S01	Pontine7T	MNISymThalamus1
0.0008323011402194185	0.008530988650256416	0.9906367102095242	S03	Pontine7T	MNISymThalamus1
0.0013690003909253986	0.0047485048684140045	0.9938824947406606	S04	Pontine7T	MNISymThalamus1
0.0006732070092023723	0.003731289685004365	0.9955955033057932	S07	Pontine7T	MNISymThalamus1
0.0013857596379924983	0.012768714935973686	0.9858455254260339	S08	Pontine7T	MNISymThalamus1
0.0006236653076023117	0.013723676559971825	0.9856526581324259	S10	Pontine7T	MNISymThalamus1
0.0010879169954879952	0.014157889574648943	0.984754193429863	S11	Pontine7T	MNISymThalamus1
0.00034982943473125204	0.034429042215246675	0.965221128350022	S12	Pontine7T	MNISymThalamus1
0.0011801737666757533	0.007993094536803578	0.9908267316965207	S13	Pontine7T	MNISymThalamus1
0.0018110037001228747	0.012000000265884245	0.9861889960339928	S14	Pontine7T	MNISymThalamus1
0.0008850788705534494	0.005038477814375724	0.9940764433150707	S16	Pontine7T	MNISymThalamus1
0.0015779017907220701	0.010348820032857085	0.988073278176421	S17	Pontine7T	MNISymThalamus1
0.009197588102191331	0.019671415925124787	0.9711309959726838	sub-01	Language	MNISymThalamus1
0.007919614674253877	0.05470522713814804	0.9373751581875981	sub-02	Language	MNISymThalamus1
0.0024238862513162387	-0.006342905082508365	1.0039190188311922	sub-03	Language	MNISymThalamus1
0.01380502138350623	0.01774073077686068	0.9684542478396331	sub-04	Language	MNISymThalamus1
0.009109449366111489	0.01624661947588026	0.9746439311580082	sub-06	Language	MNISymThalamus1
0.011129794385158013	0.0317664671568838	0.9571037384579583	sub-07	Language	MNISymThalamus1
0.010914724758373096	0.026895072437621848	0.962190202804005	sub-08	Language	MNISymThalamus1
0.00840920939204587	0.006190391566389165	0.985400399041565	sub-09	Language	MNISymThalamus1
0.010086275126575686	0.024705501938103135	0.9652082229353212	sub-10	Language	MNISymThalamus1
0.010906123803562201	0.017943136061600223	0.9711507401348376	sub-12	Language	MNISymThalamus1
0.014125337894667878	0.02741386440183169	0.9584607977035005	sub-13	Language	MNISymThalamus1
0.012457722559926143	0.04016685741757534	0.9473754200224985	sub-14	Language	MNISymThalamus1
0.010996550867086462	0.02019651825485916	0.9688069308780544	sub-15	Language	MNISymThalamus1
0.008202519315392393	0.00863765802075209	0.9831598226638555	sub-16	Language	MNISymThalamus1
0.014304643554642268	0.04678129126161815	0.9389140651837397	sub-17	Language	MNISymThalamus1
0.009957772516434073	0.019958393158570262	0.9700838343249957	sub-18	Language	MNISymThalamus1
0.012153777501832521	0.03182573071777343	0.9560204917803939	sub-19	Language	MNISymThalamus1
0.0001277893437530869	-0.002377302538805556	1.0022495131950526	sub-02	MDTB	MNISymThalamus1
0.0004850641299412494	-0.0018172872639555858	1.0013322231340145	sub-03	MDTB	MNISymThalamus1
0.000307585932777016	-0.0008344024414027714	1.0005268165086256	sub-04	MDTB	MNISymThalamus1
0.00047806048696254417	-0.001128875554293496	1.000650815067331	sub-06	MDTB	MNISymThalamus1
0.0002789021697066307	-0.0003583858087263413	1.0000794836390197	sub-08	MDTB	MNISymThalamus1
0.00033648806666975383	-0.0004936775306701527	1.0001571894640005	sub-09	MDTB	MNISymThalamus1
0.00026171336894317176	-0.0025358097186931787	1.00227409634975	sub-10	MDTB	MNISymThalamus1
0.0001690179337550846	-0.0008866334975140495	1.000717615563759	sub-12	MDTB	MNISymThalamus1
0.0001317798429040504	-0.0016640366349609725	1.0015322567920568	sub-14	MDTB	MNISymThalamus1
0.00016351255921210586	-0.00026336628903162254	1.0000998537298194	sub-15	MDTB	MNISymThalamus1
0.0003222394247597116	-0.002139402252490776	1.001817162827731	sub-17	MDTB	MNISymThalamus1
0.00028566630658606097	-0.002409212362579582	1.0021235460559934	sub-18	MDTB	MNISymThalamus1
0.0002597248760390158	-0.001201430772787905	1.000941705896749	sub-19	MDTB	MNISymThalamus1
0.00044648512638830704	1.5862985409005884e-05	0.9995376518882026	sub-20	MDTB	MNISymThalamus1
0.00025905085873554495	-0.0002619581362884167	1.000002907277553	sub-21	MDTB	MNISymThalamus1
0.0003917695047089837	-0.0011358436173000527	1.000744074112591	sub-22	MDTB	MNISymThalamus1
0.00039808763466372217	-0.0005919754474494103	1.0001938878127858	sub-24	MDTB	MNISymThalamus1
0.00021081415595384237	-0.0007779576266005754	1.0005671434706467	sub-25	MDTB	MNISymThalamus1
0.0003325550943414839	-7.827614908838913e-05	0.9997457210547468	sub-26	MDTB	MNISymThalamus1
0.00045320858735781915	-0.0027643004197666497	1.002311091832409	sub-27	MDTB	MNISymThalamus1
0.00048536299609761285	-0.0012121736856490132	1.0007268106895515	sub-28	MDTB	MNISymThalamus1
0.00014749313407749935	-0.0008765034571320314	1.0007290103230546	sub-29	MDTB	MNISymThalamus1
0.0001816074724599788	0.00030224498008148273	0.9995161475474585	sub-30	MDTB	MNISymThalamus1
0.00020191716631189454	-3.6461079478842394e-05	0.999834543913167	sub-31	MDTB	MNISymThalamus1
0.0062727630012004276	0.05749171106004192	0.9362355259387577	S98	Pontine7T	MNISymCereb1
0.005410349076749359	0.01937985012496702	0.9752098007982837	S97	Pontine7T	MNISymCereb1
0.007641269254935339	0.029536346422021822	0.9628223843230429	S96	Pontine7T	MNISymCereb1
0.004870187251541491	0.03183081869756601	0.9632989940508925	S95	Pontine7T	MNISymCereb1
0.005221466890962014	0.017484146525162343	0.9772943865838757	S01	Pontine7T	MNISymCereb1
0.0068939150438784924	0.02370986979718428	0.9693962151589371	S03	Pontine7T	MNISymCereb1
0.0050940278365019	0.01729916968714833	0.9776068024763498	S04	Pontine7T	MNISymCereb1
0.005331871442008552	0.01766641111504677	0.9770017174429447	S07	Pontine7T	MNISymCereb1
0.007993701775223136	0.032213824757657834	0.9597924734671192	S08	Pontine7T	MNISymCereb1
0.007051751600076237	0.03229506721280943	0.9606531811871144	S10	Pontine7T	MNISymCereb1
0.007860945628499661	0.04831728191608332	0.9438217724554171	S11	Pontine7T	MNISymCereb1
0.00804371216107643	0.08905701143580744	0.9028992764031161	S12	Pontine7T	MNISymCereb1
0.00978802415118217	0.05738768804944384	0.932824287799374	S13	Pontine7T	MNISymCereb1
0.011635333767308942	0.051203345162689685	0.9371613210700014	S14	Pontine7T	MNISymCereb1
0.006426974302356991	0.02374789898412823	0.9698251267135148	S16	Pontine7T	MNISymCereb1
0.00956993658044781	0.03152154587584833	0.9589085175437039	S17	Pontine7T	MNISymCereb1
0.013189710405486726	0.04268249033917842	0.9441277992553349	sub-01	Language	MNISymCereb1
0.01603189368219388	0.11894035205651166	0.8650277542612944	sub-02	Language	MNISymCereb1
0.003499632987425299	-0.008122738477851261	1.004623105490426	sub-03	Language	MNISymCereb1
0.017084217810559823	0.062073343700756976	0.9208424384886833	sub-04	Language	MNISymCereb1
0.01877979012636227	0.06700493404536388	0.9142152758282739	sub-06	Language	MNISymCereb1
0.02705918903784532	0.10560496149590264	0.867335849466252	sub-07	Language	MNISymCereb1
0.020779705136084136	0.11470686451197157	0.8645134303519443	sub-08	Language	MNISymCereb1
0.015545046328330923	0.03185068360786233	0.9526042700638068	sub-09	Language	MNISymCereb1
0.015093852004751213	0.06634627851443527	0.9185598694808136	sub-10	Language	MNISymCereb1
0.022074811726737344	0.07787198846920533	0.9000531998040574	sub-12	Language	MNISymCereb1
0.01858371457869257	0.05967591171394306	0.9217403737073643	sub-13	Language	MNISymCereb1
0.01566221450648521	0.07751317147538854	0.9068246140181262	sub-14	Language	MNISymCereb1
0.019159576174701074	0.07327388715126652	0.9075665366740324	sub-15	Language	MNISymCereb1
0.01912652033339509	0.056529924598492695	0.9243435550681123	sub-16	Language	MNISymCereb1
0.029005413596135274	0.09862284624054612	0.8723717401633186	sub-17	Language	MNISymCereb1
0.01802265169595945	0.05710768399817492	0.9248696643058656	sub-18	Language	MNISymCereb1
0.021881713574079267	0.09325725052910393	0.8848610358968169	sub-19	Language	MNISymCereb1
0.0004224068646965516	-0.0019674375439802114	1.0015450306792837	sub-02	MDTB	MNISymCereb1
0.0008307855835930442	-0.00241437762851633	1.0015835920449232	sub-03	MDTB	MNISymCereb1
0.0005065536145883312	-0.0005409671568798358	1.0000344135422914	sub-04	MDTB	MNISymCereb1
0.0011794205427538456	-0.003870065822381755	1.0026906452796278	sub-06	MDTB	MNISymCereb1
0.0006731503507457917	9.949383743815012e-05	0.999227355811816	sub-08	MDTB	MNISymCereb1
0.00107281375375886	-0.0028803893211805554	1.0018075755674218	sub-09	MDTB	MNISymCereb1
0.0010652930473226071	-0.00364613423129358	1.002580841183971	sub-10	MDTB	MNISymCereb1
0.0004608591610392888	-0.0009323636870084261	1.0004715045259691	sub-12	MDTB	MNISymCereb1
0.0003444652513300746	-0.0023902565188508667	1.0020457912675207	sub-14	MDTB	MNISymCereb1
0.0004241134112413453	-1.373304925314736e-06	0.999577259893684	sub-15	MDTB	MNISymCereb1
0.0008154675195664493	-0.004008578206255709	1.0031931106866891	sub-17	MDTB	MNISymCereb1
0.000514046951301441	-0.0025312574168366957	1.0020172104655354	sub-18	MDTB	MNISymCereb1
0.0005125017413294414	-0.0014986371416263577	1.000986135400297	sub-19	MDTB	MNISymCereb1
0.0007712592763767062	-0.0020899210470686535	1.001318661770692	sub-20	MDTB	MNISymCereb1
0.0005608901373836122	-9.648557084612766e-05	0.9995355954334625	sub-21	MDTB	MNISymCereb1
0.0009413523111397696	-0.003376043293307683	1.002434690982168	sub-22	MDTB	MNISymCereb1
0.0006388992503832031	-0.0027086788486639195	1.0020697795982807	sub-24	MDTB	MNISymCereb1
0.0005266151949858978	-0.003174946579558124	1.0026483313845722	sub-25	MDTB	MNISymCereb1
0.0005170201570278087	-0.0014711631477483014	1.0009541429907205	sub-26	MDTB	MNISymCereb1
0.0007805606284087544	-0.0022108672081239938	1.0014303065797152	sub-27	MDTB	MNISymCereb1
0.0007937582681070202	-0.0031179223768847313	1.0023241641087777	sub-28	MDTB	MNISymCereb1
0.0004470815091661397	0.0004772548525957047	0.9990756636382382	sub-29	MDTB	MNISymCereb1
0.00020209064663538698	-0.0009530762003971823	1.0007509855537617	sub-30	MDTB	MNISymCereb1
0.0006875161729594866	-0.00043474631592422484	0.9997472301429647	sub-31	MDTB	MNISymCereb1
0.00024008629301501043	0.0004237320532953978	0.9993361816536895	RAND	Pontine7T	RAND_Dentate
-0.0002175075991621207	0.000714512508619016	0.9995029950905431	RAND	Pontine7T	RAND_Dentate
0.00011474240332819905	0.00034836618586016224	0.9995368914108116	RAND	Pontine7T	RAND_Dentate
-2.1245613303670545e-05	0.0005925480707213877	0.9994286975425822	RAND	Pontine7T	RAND_Dentate
1.9577068365287673e-05	-0.00042621482128977486	1.0004066377529246	RAND	Pontine7T	RAND_Dentate
7.931317960378888e-05	-0.0014872798994206488	1.0014079667198168	RAND	Pontine7T	RAND_Dentate
-1.969511476407822e-05	0.00032081205879496756	0.9996988830559691	RAND	Pontine7T	RAND_Dentate
8.983407482225471e-05	-0.0001311359424463558	1.000041301867624	RAND	Pontine7T	RAND_Dentate
4.2402136088415915e-06	-0.00011952936223754068	1.0001152891486287	RAND	Pontine7T	RAND_Dentate
-4.987245621323795e-05	0.0007342760764991889	0.9993155963797141	RAND	Pontine7T	RAND_Dentate
-4.32728528275282e-05	-0.00015190320031429496	1.0001951760531418	RAND	Pontine7T	RAND_Dentate
9.64238130961809e-05	0.0002052603143879773	0.9996983158725159	RAND	Pontine7T	RAND_Dentate
8.399987768914648e-05	0.0010413290383160028	0.998874671083995	RAND	Pontine7T	RAND_Dentate
-5.104587006020763e-05	0.0002762119802379725	0.9997748338898221	RAND	Pontine7T	RAND_Dentate
7.634520644391378e-05	-5.599707892882864e-05	0.9999796518724849	RAND	Pontine7T	RAND_Dentate
6.739019579466044e-05	-0.0002634451142905772	1.000196054918496	RAND	Pontine7T	RAND_Dentate
0.00013932004937991114	-0.0005079085080060902	1.0003685884586262	RAND	Pontine7T	RAND_RedNucleus
7.185569120550482e-05	0.00017426423340493496	0.9997538800753896	RAND	Pontine7T	RAND_RedNucleus
0.0002165531284853332	-0.0018055755146182805	1.001589022386133	RAND	Pontine7T	RAND_RedNucleus
0.00024192158430129211	0.000963253462384558	0.9987948249533141	RAND	Pontine7T	RAND_RedNucleus
-9.600942752769308e-05	-0.0007459711925512593	1.000841980620079	RAND	Pontine7T	RAND_RedNucleus
-9.84618319688097e-06	0.0023041807376856824	0.9977056654455112	RAND	Pontine7T	RAND_RedNucleus
8.737687178828849e-05	-0.0007619817180165165	1.0006746048462283	RAND	Pontine7T	RAND_RedNucleus
-3.302711164130984e-05	0.0012382709765125623	0.9987947561351288	RAND	Pontine7T	RAND_RedNucleus
-5.4613985623441316e-05	0.0001685752545302608	0.9998860387310933	RAND	Pontine7T	RAND_RedNucleus
0.0005144219902310895	-4.728113077919232e-06	0.9994903061228468	RAND	Pontine7T	RAND_RedNucleus
-0.0001852109384065689	0.0006965542732168817	0.9994886566651897	RAND	Pontine7T	RAND_RedNucleus
0.00015314699656682372	-0.001425340265900906	1.001272193269334	RAND	Pontine7T	RAND_RedNucleus
0.00016309333868401573	-0.0003217470822821778	1.000158653743598	RAND	Pontine7T	RAND_RedNucleus
-0.00016518433585821455	-0.0019429615932923421	1.0021081459291505	RAND	Pontine7T	RAND_RedNucleus
8.726397914163892e-05	-0.00012685128867423361	1.0000395873095327	RAND	Pontine7T	RAND_RedNucleus
0.00025172219492994503	-7.075355229944017e-05	0.9998190313573695	RAND	Pontine7T	RAND_RedNucleus
-7.346830406947337e-05	0.0003630143661529884	0.9997104539379165	RAND	Pontine7T	RAND_Thalamus
2.1064252552603105e-05	-2.215048159828815e-05	1.0000010862290458	RAND	Pontine7T	RAND_Thalamus
3.1018516909294207e-07	-6.215726889730439e-05	1.0000618470837284	RAND	Pontine7T	RAND_Thalamus
1.2736599099635786e-05	0.000251381656726869	0.9997358817441736	RAND	Pontine7T	RAND_Thalamus
4.4496832679101684e-05	0.00026007355998603117	0.9996954296073348	RAND	Pontine7T	RAND_Thalamus
-4.650577133500971e-05	0.00018605252353781222	0.9998604532477972	RAND	Pontine7T	RAND_Thalamus
4.482598717257111e-05	3.4214071556358916e-05	0.9999209599412711	RAND	Pontine7T	RAND_Thalamus
3.991891441906089e-05	0.0001825514227478382	0.9997775296628332	RAND	Pontine7T	RAND_Thalamus
2.1632252202700346e-05	-0.00047267485136618813	1.0004510425991635	RAND	Pontine7T	RAND_Thalamus
2.1559028937298526e-05	-0.0003144947351783591	1.0002929357062411	RAND	Pontine7T	RAND_Thalamus
-2.232132688092035e-05	0.0001885832553808716	0.9998337380715001	RAND	Pontine7T	RAND_Thalamus
1.2008809989164738e-05	-0.00013217018320673614	1.0001201613732176	RAND	Pontine7T	RAND_Thalamus
2.816348286625919e-06	0.00022609133546474644	0.9997710923162486	RAND	Pontine7T	RAND_Thalamus
1.4098568767991368e-05	5.115034816702929e-05	0.999934751083065	RAND	Pontine7T	RAND_Thalamus
-3.692151375519918e-05	0.00036751357446396986	0.9996694079392913	RAND	Pontine7T	RAND_Thalamus
-4.124773869867256e-05	-5.425537578606945e-05	1.0000955031144847	RAND	Pontine7T	RAND_Thalamus
-0.00010142851344367346	-0.00034203267399966205	1.0004434611874433	RAND	Pontine7T	RAND_Olive
-7.206919171544275e-05	-0.000443641801074811	1.0005157109927902	RAND	Pontine7T	RAND_Olive
-0.0002745378527648988	0.000292361219244456	0.9999821766335204	RAND	Pontine7T	RAND_Olive
-9.843694943166056e-05	4.0678891800265964e-05	1.0000577580576315	RAND	Pontine7T	RAND_Olive
0.00012675514908126091	-0.0015583247808908097	1.0014315696318097	RAND	Pontine7T	RAND_Olive
2.3382838499632074e-05	0.00019139353527653267	0.9997852236262238	RAND	Pontine7T	RAND_Olive
-1.1449589473195647e-05	7.543528793518687e-05	0.999936014301538	RAND	Pontine7T	RAND_Olive
0.00013225831706717222	-0.0010506721500031016	1.000918413832936	RAND	Pontine7T	RAND_Olive
2.724581195757583e-05	-4.464172081642453e-05	1.0000173959088587	RAND	Pontine7T	RAND_Olive
1.0296502368958351e-06	-0.0010465713293814592	1.0010455416791446	RAND	Pontine7T	RAND_Olive
-0.00018531685839215324	-0.000376306788059462	1.0005616236464516	RAND	Pontine7T	RAND_Olive
-3.596444154545728e-05	-0.001514365947189424	1.001550330388735	RAND	Pontine7T	RAND_Olive
0.00021389891501704848	-0.0003932597944150639	1.000179360879398	RAND	Pontine7T	RAND_Olive
-4.288157431874466e-05	-0.0008078881510345801	1.0008507697253533	RAND	Pontine7T	RAND_Olive
-4.94503479180395e-05	-0.0003874979312243438	1.0004369482791424	RAND	Pontine7T	RAND_Olive
9.99174600548079e-06	-0.00040443529268372575	1.0003944435466783	RAND	Pontine7T	RAND_Olive
-4.662728895649158e-05	-7.865293852510255e-06	1.000054492582809	RAND	Pontine7T	RAND_Pontine
-4.135599474694544e-05	1.7587985370034912e-05	1.0000237680093769	RAND	Pontine7T	RAND_Pontine
-4.7379250721911075e-05	0.00019773872551371026	0.9998496405252082	RAND	Pontine7T	RAND_Pontine
-5.4156691304994736e-05	0.0006809338980249503	0.9993732227932801	RAND	Pontine7T	RAND_Pontine
3.827383409735217e-05	0.0002960094133527972	0.9996657167525499	RAND	Pontine7T	RAND_Pontine
-9.6523388417063e-05	-0.00042832578508699657	1.0005248491735041	RAND	Pontine7T	RAND_Pontine
-7.7854891202338e-05	0.00014156981278656367	0.9999362850784158	RAND	Pontine7T	RAND_Pontine
-3.1334627671991925e-05	-0.000237139515085843	1.0002684741427577	RAND	Pontine7T	RAND_Pontine
7.320001554505739e-05	-0.0005656089721303891	1.0004924089565852	RAND	Pontine7T	RAND_Pontine
-3.812401117699997e-05	0.0006994473921881263	0.9993386766189888	RAND	Pontine7T	RAND_Pontine
-3.995544973536465e-05	0.0002752576877343844	0.9997646977620009	RAND	Pontine7T	RAND_Pontine
-8.056453139218687e-05	-6.302754710039806e-05	1.0001435920784927	RAND	Pontine7T	RAND_Pontine
6.890429629433483e-05	0.00023615783666761214	0.999694937867038	RAND	Pontine7T	RAND_Pontine
-1.5691159286237086e-06	-0.00035395212106929347	1.000355521236998	RAND	Pontine7T	RAND_Pontine
9.684628488952328e-05	-0.0002435615890609697	1.0001467153041714	RAND	Pontine7T	RAND_Pontine
-8.79100756724392e-05	0.00030933964999631296	0.9997785704256761	RAND	Pontine7T	RAND_Pontine
-9.0040934378805e-06	0.00014654520667784217	0.9998624588867601	RAND	Pontine7T	RAND_Cerebellum
1.1669291878375027e-05	-0.00012337173093633023	1.000111702439058	RAND	Pontine7T	RAND_Cerebellum
-5.098306803778931e-06	4.457447091461908e-05	0.9999605238358892	RAND	Pontine7T	RAND_Cerebellum
-2.0116437453127977e-05	-0.00019039328352032762	1.0002105097209735	RAND	Pontine7T	RAND_Cerebellum
-1.4884426219030918e-05	7.938196661071122e-05	0.9999355024596083	RAND	Pontine7T	RAND_Cerebellum
1.2149449875474667e-06	6.32489374365811e-05	0.9999355361175758	RAND	Pontine7T	RAND_Cerebellum
3.538319995520092e-05	-1.8022855549571263e-05	0.9999826396555944	RAND	Pontine7T	RAND_Cerebellum
-2.5747951464621914e-06	8.369398941272719e-05	0.9999188808057338	RAND	Pontine7T	RAND_Cerebellum
3.3469212418815415e-06	0.0001579462939375791	0.9998387067848206	RAND	Pontine7T	RAND_Cerebellum
-2.5511358566666078e-05	-0.00010623036715685389	1.0001317417257236	RAND	Pontine7T	RAND_Cerebellum
1.002127016664829e-05	0.0001648368968563345	0.9998251418329771	RAND	Pontine7T	RAND_Cerebellum
-3.361755830863863e-05	0.00018609090294395935	0.9998475266553647	RAND	Pontine7T	RAND_Cerebellum
-1.292789792380167e-05	-8.684717654710677e-05	1.000099775074471	RAND	Pontine7T	RAND_Cerebellum
-4.381575695644946e-06	-6.822249584954492e-05	1.0000726040715453	RAND	Pontine7T	RAND_Cerebellum
-2.121297327677507e-05	3.3229747453984174e-05	0.9999879832258227	RAND	Pontine7T	RAND_Cerebellum
1.2502769932373684e-05	0.00012120529414545584	0.9998662919359221	RAND	Pontine7T	RAND_Cerebellum
-5.948686396995903e-06	0.00022165992185009143	0.9997842887645468	RAND	Language	RAND_Dentate
6.834944101628076e-05	-0.0003404684267585286	1.0002721189857422	RAND	Language	RAND_Dentate
-9.601351747113868e-05	0.0003231759101768966	0.9997728376072942	RAND	Language	RAND_Dentate
-4.1757002983943455e-05	-1.6002233178351092e-05	1.0000577592361621	RAND	Language	RAND_Dentate
8.442827373538431e-05	-0.0006069836699788966	1.0005225553962436	RAND	Language	RAND_Dentate
-2.316648651052358e-05	-4.457344024742147e-05	1.000067739926758	RAND	Language	RAND_Dentate
5.278040635315579e-05	-7.369121554935033e-06	0.9999545887152017	RAND	Language	RAND_Dentate
-8.959746176841501e-05	9.121327505364808e-05	0.9999983841867148	RAND	Language	RAND_Dentate
8.368665384483851e-05	-0.00015614633354924716	1.0000724596797044	RAND	Language	RAND_Dentate
-4.839667842758675e-05	-0.0003475576878251981	1.0003959543662528	RAND	Language	RAND_Dentate
9.94965367847894e-06	0.0005917326895278679	0.9993983176567937	RAND	Language	RAND_Dentate
-3.327653910383644e-05	-0.000492422526306585	1.0005256990654103	RAND	Language	RAND_Dentate
6.942009646417424e-05	-0.0007658060871769835	1.0006963859907128	RAND	Language	RAND_Dentate
-3.3783280402527334e-05	0.0002913634477799573	0.9997424198326226	RAND	Language	RAND_Dentate
-6.020692671210958e-05	-1.2448917636717965e-05	1.0000726558443487	RAND	Language	RAND_Dentate
-4.7254605097694375e-05	9.833087110185837e-06	1.0000374215179877	RAND	Language	RAND_Dentate
-0.00012904834362570625	-0.00035667945176542974	1.0004857277953911	RAND	Language	RAND_Dentate
-0.00021124237351232016	0.0012369072306283645	0.9989743351428839	RAND	Language	RAND_RedNucleus
-0.00026153786870722025	0.0017485442861259076	0.9985129935825813	RAND	Language	RAND_RedNucleus
3.229058789342695e-05	-0.00018088874210263762	1.0001485981542093	RAND	Language	RAND_RedNucleus
9.739008853113212e-05	-2.7733622036174912e-05	0.9999303435335051	RAND	Language	RAND_RedNucleus
-6.700546385033978e-05	0.00011421092483959815	0.9999527945390108	RAND	Language	RAND_RedNucleus
0.00022986116536207558	-0.0026191982781322985	1.0023893371127701	RAND	Language	RAND_RedNucleus
-0.00015743530801756603	-0.0011012570191006991	1.0012586923271183	RAND	Language	RAND_RedNucleus
0.0001721614763653588	-0.0006886243910848977	1.0005164629147196	RAND	Language	RAND_RedNucleus
-0.0002216324724699615	0.0012627702733711116	0.9989588621990988	RAND	Language	RAND_RedNucleus
0.00018460660249633464	-0.000404002078248009	1.0002193954757517	RAND	Language	RAND_RedNucleus
3.245710572304778e-06	-0.0007781413742757569	1.0007748956637033	RAND	Language	RAND_RedNucleus
-4.5287527737893365e-05	-0.00030569563282406917	1.000350983160562	RAND	Language	RAND_RedNucleus
0.00013251238914686417	0.0009579417470583793	0.9989095458637948	RAND	Language	RAND_RedNucleus
-1.3720383999706342e-05	-5.76769726795648e-06	1.0000194880812676	RAND	Language	RAND_RedNucleus
1.8173933461490976e-05	-0.00018175339246159682	1.0001635794590003	RAND	Language	RAND_RedNucleus
3.281979208621398e-05	-0.0008203313147553927	1.0007875115226692	RAND	Language	RAND_RedNucleus
0.00015147060484312655	-0.0009769578857693635	1.0008254872809264	RAND	Language	RAND_RedNucleus
-2.919167802475815e-05	0.000194845935619209	0.9998343457424056	RAND	Language	RAND_Thalamus
1.4734515277632362e-05	-0.00011289962757427107	1.0000981651122967	RAND	Language	RAND_Thalamus
-1.8284443902227754e-05	0.00017267691049403718	0.9998456075334082	RAND	Language	RAND_Thalamus
2.4185802639696833e-05	0.00016059491663188093	0.9998152192807285	RAND	Language	RAND_Thalamus
1.9483973854365276e-05	-0.00013567119458108212	1.0001161872207267	RAND	Language	RAND_Thalamus
-2.486454853739193e-05	-8.472605871873284e-05	1.0001095906072561	RAND	Language	RAND_Thalamus
-4.387800525510493e-05	-0.0003167358869687539	1.0003606138922239	RAND	Language	RAND_Thalamus
-1.935587174207976e-05	0.00015028356499666493	0.9998690723067454	RAND	Language	RAND_Thalamus
2.4429392298290725e-05	0.0001722849002746493	0.999803285707427	RAND	Language	RAND_Thalamus
-2.1365625633533786e-05	0.00027874543726448515	0.999742620188369	RAND	Language	RAND_Thalamus
1.0386947343777724e-05	4.418220437204994e-05	0.9999454308482841	RAND	Language	RAND_Thalamus
1.5465748587340426e-05	-0.0002069432690228149	1.0001914775204355	RAND	Language	RAND_Thalamus
9.527970934853571e-06	-6.646223161772267e-05	1.0000569342606829	RAND	Language	RAND_Thalamus
-4.474476322030284e-06	0.00022216223794565575	0.9997823122383763	RAND	Language	RAND_Thalamus
1.1139205412945181e-05	5.881901649566384e-05	0.9999300417780914	RAND	Language	RAND_Thalamus
2.772558112679077e-05	8.783345478608283e-05	0.9998844409640871	RAND	Language	RAND_Thalamus
-2.0576693159516646e-05	0.00031391915248275945	0.9997066575406769	RAND	Language	RAND_Thalamus
0.0003206067780380357	-0.0005806526753773471	1.0002600458973394	RAND	Language	RAND_Olive
-0.0001096855723350734	0.0008645089843419908	0.999245176587993	RAND	Language	RAND_Olive
-0.00014599526248988253	0.0004469201585301289	0.9996990751039598	RAND	Language	RAND_Olive
2.4915306302714764e-07	-0.0007565653695862403	1.0007563162165234	RAND	Language	RAND_Olive
-1.4855791196158397e-05	-0.000812817263732584	1.0008276730549288	RAND	Language	RAND_Olive
9.037819517243843e-05	-0.0007269261196747169	1.0006365479245023	RAND	Language	RAND_Olive
5.094827198444905e-05	-0.0015073628151605289	1.001456414543176	RAND	Language	RAND_Olive
8.459042230123179e-05	-0.00038003656830372986	1.0002954461460025	RAND	Language	RAND_Olive
-0.00014010770035068025	-0.0004120165670164005	1.0005521242673672	RAND	Language	RAND_Olive
7.258530229285272e-05	6.102427636076351e-05	0.9998663904213464	RAND	Language	RAND_Olive
0.00018705832795627762	-0.001276252889899379	1.0010891945619431	RAND	Language	RAND_Olive
-0.0001210507195331243	-0.00034461482158068974	1.0004656655411137	RAND	Language	RAND_Olive
-3.53856301117756e-05	-0.0004923152127594367	1.0005277008428712	RAND	Language	RAND_Olive
-0.00014396079282379774	0.001216958609320951	0.9989270021835028	RAND	Language	RAND_Olive
0.00015808278843119388	0.0012489989602661243	0.9985929182513027	RAND	Language	RAND_Olive
-6.386758844628874e-05	0.00014430711306962526	0.9999195604753768	RAND	Language	RAND_Olive
-1.4094004375401812e-05	-0.00017980665107460137	1.0001939006554499	RAND	Language	RAND_Olive
7.019912383782522e-07	-0.0002364253572024389	1.000235723365964	RAND	Language	RAND_Pontine
-7.532268856685311e-05	0.00022572091560232386	0.9998496017729646	RAND	Language	RAND_Pontine
6.494998833903102e-05	-5.917695957380328e-05	0.9999942269712349	RAND	Language	RAND_Pontine
-4.914158748194494e-05	6.0800084259256975e-05	0.9999883415032227	RAND	Language	RAND_Pontine
3.207569678020246e-05	8.379102423885982e-05	0.999884133278981	RAND	Language	RAND_Pontine
-4.267396900373898e-05	-0.00024746575377093645	1.0002901397227748	RAND	Language	RAND_Pontine
-5.977401417683561e-06	0.0002160188818764298	0.9997899585195412	RAND	Language	RAND_Pontine
2.0023798304098842e-05	-0.00035589389092043733	1.0003358700926164	RAND	Language	RAND_Pontine
-5.921684050161999e-05	-0.0002904865945025176	1.0003497034350042	RAND	Language	RAND_Pontine
-2.146836911684635e-05	7.095464079090267e-05	0.9999505137283259	RAND	Language	RAND_Pontine
-4.0696375994732377e-05	0.00017455860587750342	0.9998661377701171	RAND	Language	RAND_Pontine
-3.595744246431262e-06	0.0002500377520636539	0.9997535579921829	RAND	Language	RAND_Pontine
2.8524460789762693e-05	-3.030832103222478e-05	1.0000017838602424	RAND	Language	RAND_Pontine
-4.5028941404329874e-05	0.00025724633665884336	0.9997877826047453	RAND	Language	RAND_Pontine
8.740555918637711e-05	0.00016153011388320485	0.9997510643269304	RAND	Language	RAND_Pontine
1.7802940987111575e-05	-6.833419947452871e-06	0.9999890304789603	RAND	Language	RAND_Pontine
-1.567826298539653e-05	0.0005206281857801289	0.9994950500772053	RAND	Language	RAND_Pontine
-4.201490360165926e-06	6.724993838994559e-05	0.9999369515519703	RAND	Language	RAND_Cerebellum
1.640866972751621e-05	4.312292104286596e-05	0.9999404684092296	RAND	Language	RAND_Cerebellum
-1.3133089056163654e-05	4.5222296694568004e-05	0.9999679107923616	RAND	Language	RAND_Cerebellum
1.046156974667213e-06	6.765187357511967e-05	0.9999313019694502	RAND	Language	RAND_Cerebellum
5.7502930700046895e-06	-3.5182340163245664e-05	1.0000294320470933	RAND	Language	RAND_Cerebellum
-3.322095537761128e-07	3.180274327938433e-05	0.9999685294662743	RAND	Language	RAND_Cerebellum
-1.764475157707875e-05	-1.2789672783622345e-05	1.0000304344243607	RAND	Language	RAND_Cerebellum
2.046552331005367e-05	-7.503357805192685e-05	1.000054568054742	RAND	Language	RAND_Cerebellum
-9.016334874549717e-06	-4.699601793249593e-05	1.000056012352807	RAND	Language	RAND_Cerebellum
-2.9561410235121413e-06	2.6714084137801566e-05	0.9999762420568857	RAND	Language	RAND_Cerebellum
3.3973915435212355e-06	-9.210073600738002e-06	1.0000058126820572	RAND	Language	RAND_Cerebellum
7.697200853609296e-06	-2.953507200753825e-05	1.0000218378711538	RAND	Language	RAND_Cerebellum
-2.6074413002375086e-06	-3.8648251841028175e-05	1.0000412556931413	RAND	Language	RAND_Cerebellum
1.5382954491695357e-05	-5.904806680894205e-05	1.0000436651123172	RAND	Language	RAND_Cerebellum
3.0254272754175544e-06	-0.00011553628698402278	1.0001125108597086	RAND	Language	RAND_Cerebellum
1.502212100755884e-05	0.00011049934273151958	0.9998744785362608	RAND	Language	RAND_Cerebellum
-1.6905166839353244e-05	9.010308695067993e-05	0.9999268020798888	RAND	Language	RAND_Cerebellum
0.012047511880918014	0.05001765665778638	0.9379348314612955	sub-02	MDTB_ses1	MNISymCereb1
0.010716705426166142	0.047877333373107574	0.9414059612007262	sub-03	MDTB_ses1	MNISymCereb1
0.008790920071882358	0.02619459696556283	0.9650144829625549	sub-04	MDTB_ses1	MNISymCereb1
0.01981192728308414	0.07333583591882498	0.9068522367980909	sub-06	MDTB_ses1	MNISymCereb1
0.008506289939458135	0.022604207280020976	0.968889502780521	sub-08	MDTB_ses1	MNISymCereb1
0.013737790302670427	0.03280644989870335	0.9534557597986262	sub-09	MDTB_ses1	MNISymCereb1
0.017225121845625222	0.05401027581181882	0.928764602342556	sub-10	MDTB_ses1	MNISymCereb1
0.011080702604667435	0.03175458902713079	0.9571647083682018	sub-12	MDTB_ses1	MNISymCereb1
0.009460507085091262	0.026932881954315396	0.9636066109605933	sub-14	MDTB_ses1	MNISymCereb1
0.0098841136721043	0.02835766259857107	0.9617582237293247	sub-15	MDTB_ses1	MNISymCereb1
0.01682748269314105	0.08841005689717607	0.8947624604096829	sub-17	MDTB_ses1	MNISymCereb1
0.012479507802765919	0.026767129175135546	0.9607533630220986	sub-18	MDTB_ses1	MNISymCereb1
0.017797329990390933	0.05094387684858015	0.9312587931610289	sub-19	MDTB_ses1	MNISymCereb1
0.014682192836870554	0.0343291262758889	0.9509886808872405	sub-20	MDTB_ses1	MNISymCereb1
0.007118481612402639	0.009407852611470993	0.9834736657761265	sub-21	MDTB_ses1	MNISymCereb1
0.01549177205661756	0.06341279021078543	0.921095437732597	sub-22	MDTB_ses1	MNISymCereb1
0.009486987204067421	0.027088611879035673	0.9634244009168969	sub-24	MDTB_ses1	MNISymCereb1
0.012527941202833093	0.04032761577118211	0.9471444430259849	sub-25	MDTB_ses1	MNISymCereb1
0.009573861423064151	0.04356013851640635	0.9468660000605295	sub-26	MDTB_ses1	MNISymCereb1
0.017296897927226263	0.049763011678328674	0.932940090394445	sub-27	MDTB_ses1	MNISymCereb1
0.012769323928529055	0.03388224698211426	0.9533484290893568	sub-28	MDTB_ses1	MNISymCereb1
0.006992249905812564	0.026844091754649257	0.9661636583395382	sub-29	MDTB_ses1	MNISymCereb1
0.008216778506819348	0.025298861191411327	0.9664843603017693	sub-30	MDTB_ses1	MNISymCereb1
0.009923464190487048	0.021805440124974262	0.9682710956845386	sub-31	MDTB_ses1	MNISymCereb1
0.0018074161651148253	0.008958017331674086	0.9892345665032112	sub-02	MDTB_ses1	MNISymDentate1
0.001513735274357691	0.0036640752978332677	0.9948221894278091	sub-03	MDTB_ses1	MNISymDentate1
0.0018678871621622256	0.004418146144234782	0.993713966693603	sub-04	MDTB_ses1	MNISymDentate1
0.0017596525587732655	0.003883688459631657	0.9943566589815951	sub-06	MDTB_ses1	MNISymDentate1
-0.0005320707919926032	0.0016670947960467735	0.9988649759959458	sub-08	MDTB_ses1	MNISymDentate1
0.0015467801723869604	0.0023104623922029907	0.99614275743541	sub-09	MDTB_ses1	MNISymDentate1
0.0018016899122020058	0.005427158078686584	0.9927711520091115	sub-10	MDTB_ses1	MNISymDentate1
0.0021448878465974283	0.005894058992135212	0.9919610531612674	sub-12	MDTB_ses1	MNISymDentate1
-0.000605356929561069	0.004966649957574033	0.995638706971987	sub-14	MDTB_ses1	MNISymDentate1
0.0007848553725985517	0.0028710966096760536	0.9963440480177255	sub-15	MDTB_ses1	MNISymDentate1
0.002078296143319054	0.008590270812648924	0.989331433044032	sub-17	MDTB_ses1	MNISymDentate1
0.0016233403200371396	0.0008543192121620109	0.9975223404678009	sub-18	MDTB_ses1	MNISymDentate1
0.0016848728296731167	0.006092681716018911	0.992222445454308	sub-19	MDTB_ses1	MNISymDentate1
0.0015926737774615589	0.0017975167965626326	0.9966098094259759	sub-20	MDTB_ses1	MNISymDentate1
0.0015410696642958745	-0.002036517156083127	1.0004954474917873	sub-21	MDTB_ses1	MNISymDentate1
0.0024333905507538376	0.008544936619258153	0.989021672829988	sub-22	MDTB_ses1	MNISymDentate1
0.000674677870345329	0.003958406108034292	0.9953669160216203	sub-24	MDTB_ses1	MNISymDentate1
0.0012362211467705035	0.007469140217337974	0.9912946386358915	sub-25	MDTB_ses1	MNISymDentate1
0.0006425324513777937	0.004167681728500678	0.9951897858201215	sub-26	MDTB_ses1	MNISymDentate1
0.001756518557121305	0.006636804010993327	0.9916066774318854	sub-27	MDTB_ses1	MNISymDentate1
0.0022030183401945975	0.0034242235502899084	0.9943727581095154	sub-28	MDTB_ses1	MNISymDentate1
0.001963609882286542	0.008793661461466915	0.9892427286562465	sub-29	MDTB_ses1	MNISymDentate1
0.0015386793365140784	0.008228439234010072	0.9902328814294759	sub-30	MDTB_ses1	MNISymDentate1
0.0015053635298643156	0.001548135703752952	0.9969465007663827	sub-31	MDTB_ses1	MNISymDentate1
0.0028754500009920427	0.006628642510624071	0.9904959074883839	sub-02	MDTB_ses1	MNISymRedNucleus1
0.00249125670510933	-0.001457794222826721	0.9989665375177174	sub-03	MDTB_ses1	MNISymRedNucleus1
0.0018219158361168133	0.01173061784512981	0.9864474663187534	sub-04	MDTB_ses1	MNISymRedNucleus1
0.004319479385228499	0.014908400382544575	0.980772120232227	sub-06	MDTB_ses1	MNISymRedNucleus1
0.002899853926558758	0.004539488874281936	0.9925606571991592	sub-08	MDTB_ses1	MNISymRedNucleus1
0.002847599332558079	-0.0020137158594188166	0.9991661165268606	sub-09	MDTB_ses1	MNISymRedNucleus1
0.0034863840805351726	0.009655431465477317	0.9868581844539874	sub-10	MDTB_ses1	MNISymRedNucleus1
0.0036077239924799513	0.004410306601403215	0.9919819694061168	sub-12	MDTB_ses1	MNISymRedNucleus1
0.002497540563029635	0.0028277362159023992	0.994674723221068	sub-14	MDTB_ses1	MNISymRedNucleus1
0.0026955702731168538	0.0007801793718793137	0.9965242503550038	sub-15	MDTB_ses1	MNISymRedNucleus1
0.002965656621486995	0.0064062069430103645	0.9906281364355026	sub-17	MDTB_ses1	MNISymRedNucleus1
0.0046207843978864835	0.00744989591916839	0.9879293196829452	sub-18	MDTB_ses1	MNISymRedNucleus1
0.003285867770764845	0.007828669347826389	0.9888854628814088	sub-19	MDTB_ses1	MNISymRedNucleus1
0.0038968516256634262	0.011166596694545318	0.9849365516797912	sub-20	MDTB_ses1	MNISymRedNucleus1
0.0007499566923355341	0.002383579323274196	0.9968664639843902	sub-21	MDTB_ses1	MNISymRedNucleus1
0.004300518000568936	0.0067551347622697815	0.9889443472371613	sub-22	MDTB_ses1	MNISymRedNucleus1
0.0021913881046169295	0.003274720165840678	0.9945338917295424	sub-24	MDTB_ses1	MNISymRedNucleus1
0.0025682970393467465	0.006501753939299052	0.9909299490213541	sub-25	MDTB_ses1	MNISymRedNucleus1
0.0021120825401138737	0.003279166233643664	0.9946087512262425	sub-26	MDTB_ses1	MNISymRedNucleus1
0.004635417524403737	0.01210781004947081	0.9832567724261254	sub-27	MDTB_ses1	MNISymRedNucleus1
0.0021943910070791285	0.002952155291816791	0.994853453701104	sub-28	MDTB_ses1	MNISymRedNucleus1
0.0019657658140688947	0.0038477968636065132	0.9941864373223246	sub-29	MDTB_ses1	MNISymRedNucleus1
0.003824934881824481	0.010428468840006713	0.9857465962781687	sub-30	MDTB_ses1	MNISymRedNucleus1
0.0017926486793397583	0.008200457682829915	0.9900068936378302	sub-31	MDTB_ses1	MNISymRedNucleus1
0.012154941543362698	0.03962720942549472	0.9482178490311426	sub-02	MDTB_ses1	MNISymThalamus1
0.010472907141145169	0.014413102230080828	0.975113990628774	sub-03	MDTB_ses1	MNISymThalamus1
0.00988554022126421	0.008290484792751705	0.9818239749859841	sub-04	MDTB_ses1	MNISymThalamus1
0.012141186366675919	0.013642761020941356	0.9742160526123826	sub-06	MDTB_ses1	MNISymThalamus1
0.007559214958161207	0.013054278666832167	0.9793865063750066	sub-08	MDTB_ses1	MNISymThalamus1
0.006917857121565315	0.004759804487372957	0.9883223383910616	sub-09	MDTB_ses1	MNISymThalamus1
0.008068801948326354	0.008975294936684806	0.9829559031149888	sub-10	MDTB_ses1	MNISymThalamus1
0.00794942609685128	0.0100425764322874	0.9820079974708614	sub-12	MDTB_ses1	MNISymThalamus1
0.007122866520299859	0.007561538864348776	0.9853155946153513	sub-14	MDTB_ses1	MNISymThalamus1
0.009052658028682182	0.010449610645774236	0.9804977313255436	sub-15	MDTB_ses1	MNISymThalamus1
0.011382637039474968	0.02131524830516665	0.9673021146553584	sub-17	MDTB_ses1	MNISymThalamus1
0.010263588681934008	0.007976393560857723	0.9817600177572082	sub-18	MDTB_ses1	MNISymThalamus1
0.010375523521760383	0.009309938795547335	0.9803145376826923	sub-19	MDTB_ses1	MNISymThalamus1
0.010504134911966776	0.011567038611600166	0.9779288264764332	sub-20	MDTB_ses1	MNISymThalamus1
0.007748936224648342	9.622137164662904e-05	0.992154842403705	sub-21	MDTB_ses1	MNISymThalamus1
0.00865381813998478	0.00833734528355811	0.9830088365764571	sub-22	MDTB_ses1	MNISymThalamus1
0.0064812244865298475	0.004273637014263361	0.9892451384992067	sub-24	MDTB_ses1	MNISymThalamus1
0.007309330550514848	0.003778660505203027	0.9889120089442821	sub-25	MDTB_ses1	MNISymThalamus1
0.007880456849919873	0.011300971041698539	0.9808185721083816	sub-26	MDTB_ses1	MNISymThalamus1
0.013914396829740133	0.010826792088753713	0.9752588110815061	sub-27	MDTB_ses1	MNISymThalamus1
0.010746622198277295	0.012535864011870618	0.976717513789852	sub-28	MDTB_ses1	MNISymThalamus1
0.00696942271524876	0.005026430635211263	0.98800414664954	sub-29	MDTB_ses1	MNISymThalamus1
0.007909477282267067	0.005722756033456094	0.9863677666842768	sub-30	MDTB_ses1	MNISymThalamus1
0.005015528437328472	0.002078898288243975	0.9929055732744275	sub-31	MDTB_ses1	MNISymThalamus1
0.0010262231910543025	0.007388740437929275	0.9915850363710164	sub-02	MDTB_ses1	MNISymPontine1
0.0012677076569571756	0.002991603425690183	0.9957406889173526	sub-03	MDTB_ses1	MNISymPontine1
0.0013194421455168695	0.004110400122792357	0.9945701577316909	sub-04	MDTB_ses1	MNISymPontine1
0.0009613421629759269	0.003253701861968449	0.9957849559750557	sub-06	MDTB_ses1	MNISymPontine1
0.0008098885157013506	0.010641136592098002	0.9885489748922005	sub-08	MDTB_ses1	MNISymPontine1
0.0010710559216500686	0.002277958084788122	0.9966509859935617	sub-09	MDTB_ses1	MNISymPontine1
0.0018955116355283616	0.009539772250896937	0.9885647161135748	sub-10	MDTB_ses1	MNISymPontine1
0.0007764413534256726	0.00386035242863658	0.9953632062179377	sub-12	MDTB_ses1	MNISymPontine1
0.001186283525935931	0.023393409086935085	0.9754203073871289	sub-14	MDTB_ses1	MNISymPontine1
0.00042443649422148913	0.0026934287013639147	0.9968821348044146	sub-15	MDTB_ses1	MNISymPontine1
0.0013415138684868136	0.009487582735248318	0.9891709033962649	sub-17	MDTB_ses1	MNISymPontine1
0.0016912922510004757	0.003063919916738756	0.9952447878322608	sub-18	MDTB_ses1	MNISymPontine1
0.0007270260847589363	0.0026312212960281738	0.9966417526192128	sub-19	MDTB_ses1	MNISymPontine1
0.0018155288339541963	0.014731054639008758	0.9834534165270371	sub-20	MDTB_ses1	MNISymPontine1
0.0010380742261498598	0.0011658293920846841	0.9977960963817655	sub-21	MDTB_ses1	MNISymPontine1
0.0014208100257821579	0.004307056441092574	0.9942721335331253	sub-22	MDTB_ses1	MNISymPontine1
0.0010237637463225756	0.004619456422268193	0.9943567798314092	sub-24	MDTB_ses1	MNISymPontine1
0.0009844565440444	0.007638978014175645	0.99137656544178	sub-25	MDTB_ses1	MNISymPontine1
0.0011038694540276802	0.02222475142288365	0.9766713791230887	sub-26	MDTB_ses1	MNISymPontine1
0.0018235208115595153	0.0020483471135457234	0.9961281320748948	sub-27	MDTB_ses1	MNISymPontine1
0.0012541509401684113	0.0038135637710540247	0.9949322852887776	sub-28	MDTB_ses1	MNISymPontine1
0.0007746548643735768	0.002217597836348201	0.9970077472992782	sub-29	MDTB_ses1	MNISymPontine1
0.000883186544948384	0.004757184514277547	0.994359628940774	sub-30	MDTB_ses1	MNISymPontine1
0.00116270583040549	0.003993417840120309	0.9948438763294742	sub-31	MDTB_ses1	MNISymPontine1
6.622686822704573e-05	0.0005566264291821851	0.9993771467025907	sub-02	MDTB_ses1	MNISymOlive1
0.00036923700752186384	0.0005997253542730048	0.9990310376382051	sub-03	MDTB_ses1	MNISymOlive1
0.0007516349978927884	0.011961176226324751	0.9872871887757825	sub-04	MDTB_ses1	MNISymOlive1
0.00033693303507827983	-0.004779039559650889	1.0044421065245726	sub-06	MDTB_ses1	MNISymOlive1
0.0007386287372175511	0.006674491331950374	0.9925868799308321	sub-08	MDTB_ses1	MNISymOlive1
0.0006481048269207666	0.00709911680637985	0.9922527783666995	sub-09	MDTB_ses1	MNISymOlive1
0.0010118115951130153	0.012972231892903873	0.986015956511983	sub-10	MDTB_ses1	MNISymOlive1
0.0007281535165604883	0.00011613021115707718	0.9991557162722825	sub-12	MDTB_ses1	MNISymOlive1
0.0008324581059026003	0.01199734621695402	0.9871701956771435	sub-14	MDTB_ses1	MNISymOlive1
0.000950619625194264	0.0036401217368628304	0.9954092586379429	sub-15	MDTB_ses1	MNISymOlive1
0.0002474980537515816	0.008064501473355312	0.9916880004728932	sub-17	MDTB_ses1	MNISymOlive1
0.0008883208392453586	-0.001586633471043406	1.000698312631798	sub-18	MDTB_ses1	MNISymOlive1
0.0007657076406778472	0.004930855388045557	0.9943034369712765	sub-19	MDTB_ses1	MNISymOlive1
0.0004729696729259306	0.010423938676610671	0.9891030916504634	sub-20	MDTB_ses1	MNISymOlive1
0.00015402678920486585	-0.003262352987724365	1.0031083261985194	sub-21	MDTB_ses1	MNISymOlive1
0.0011699566223425644	0.0045618318460677034	0.9942682115315897	sub-22	MDTB_ses1	MNISymOlive1
0.0006611256073469386	0.0012214923272944704	0.9981173820653586	sub-24	MDTB_ses1	MNISymOlive1
0.00034581643928644206	0.0030675588325469317	0.9965866247281666	sub-25	MDTB_ses1	MNISymOlive1
-4.7654366704309464e-05	0.008762133005198326	0.991285521361506	sub-26	MDTB_ses1	MNISymOlive1
0.0011215435895572364	0.009204487695643327	0.9896739687147994	sub-27	MDTB_ses1	MNISymOlive1
0.0008649181519999052	0.004483747260225386	0.9946513345877747	sub-28	MDTB_ses1	MNISymOlive1
0.00047960369564622253	0.015769421147114313	0.9837509751572394	sub-29	MDTB_ses1	MNISymOlive1
0.0013663944252484757	0.0063400639106280295	0.9922935416641234	sub-30	MDTB_ses1	MNISymOlive1
0.0014778128538905494	0.004432390322042873	0.9940897968240666	sub-31	MDTB_ses1	MNISymOlive1
0.001223586037466032	-0.003740641224712965	1.0025170551872469	sub-02	MDTB_ses2	MNISymCereb1
0.0005904708675320213	-0.007835296385697613	1.0072448255181656	sub-03	MDTB_ses2	MNISymCereb1
0.00036420318335656833	0.000961698349561091	0.9986740984670823	sub-04	MDTB_ses2	MNISymCereb1
0.0014804162281453078	-0.005573517337191533	1.0040931011090461	sub-06	MDTB_ses2	MNISymCereb1
0.0006202284844382038	-0.0034038025606646836	1.0027835740762265	sub-08	MDTB_ses2	MNISymCereb1
0.0013526786437453755	-0.0051060276157476854	1.0037533489720023	sub-09	MDTB_ses2	MNISymCereb1
0.0012890723553475813	-0.0035884758491630166	1.0022994034938155	sub-10	MDTB_ses2	MNISymCereb1
0.0009112199258441253	-0.005370260025578623	1.0044590400997344	sub-12	MDTB_ses2	MNISymCereb1
0.0007919638889657798	-0.0026951403457117842	1.001903176456746	sub-14	MDTB_ses2	MNISymCereb1
0.0007003540684030863	-0.007656910865273798	1.0069565567968708	sub-15	MDTB_ses2	MNISymCereb1
0.0013007696266594826	-0.005120157682811297	1.0038193880561517	sub-17	MDTB_ses2	MNISymCereb1
0.0008044310374869555	-0.001483053837680738	1.0006786228001938	sub-18	MDTB_ses2	MNISymCereb1
0.0013704122719193938	-0.0049779046865777495	1.0036074924146583	sub-19	MDTB_ses2	MNISymCereb1
0.0013230589551971928	-0.005181809233988968	1.0038587502787917	sub-20	MDTB_ses2	MNISymCereb1
0.00029606337890729963	-0.0011411500920855769	1.0008450867131784	sub-21	MDTB_ses2	MNISymCereb1
0.0008595356919741917	-0.004892450885394711	1.0040329151934206	sub-22	MDTB_ses2	MNISymCereb1
0.0008735801987692774	-0.004357308676641659	1.0034837284778724	sub-24	MDTB_ses2	MNISymCereb1
0.001355548992819945	-0.0078072229248241	1.006451673932004	sub-25	MDTB_ses2	MNISymCereb1
0.0007589968123786056	-0.009020690820707238	1.0082616940083287	sub-26	MDTB_ses2	MNISymCereb1
0.0012533296566884283	-0.0040517754598149	1.0027984458031265	sub-27	MDTB_ses2	MNISymCereb1
0.00029959702609173486	-0.0011256648195881146	1.0008260677934964	sub-28	MDTB_ses2	MNISymCereb1
0.0006420694353732259	-0.0023743296912161252	1.001732260255843	sub-29	MDTB_ses2	MNISymCereb1
0.0003581388457114442	-0.006458083991312544	1.006099945145601	sub-30	MDTB_ses2	MNISymCereb1
0.0010086332793518432	-0.0024422167251942394	1.0014335834458423	sub-31	MDTB_ses2	MNISymCereb1
0.0003183939050189729	-0.0037121161433023653	1.0033937222382834	sub-02	MDTB_ses2	MNISymRedNucleus1
4.060064524822916e-06	-0.0035638694326157465	1.0035598093680909	sub-03	MDTB_ses2	MNISymRedNucleus1
0.0002690827948047963	0.0003012015757117211	0.9994297156294835	sub-04	MDTB_ses2	MNISymRedNucleus1
0.0005776566579284896	-0.0023754127912625554	1.001797756133334	sub-06	MDTB_ses2	MNISymRedNucleus1
0.00014124800912118722	-0.005354130916942995	1.0052128829078217	sub-08	MDTB_ses2	MNISymRedNucleus1
-5.4850456697575365e-05	-0.002398527610024452	1.002453378066722	sub-09	MDTB_ses2	MNISymRedNucleus1
0.0006871443622324859	-0.00032047113368862545	0.9996333267714562	sub-10	MDTB_ses2	MNISymRedNucleus1
0.00035779968980363035	-0.00208675251452664	1.001728952824723	sub-12	MDTB_ses2	MNISymRedNucleus1
0.0006411056696507634	0.004076761478693144	0.995282132851656	sub-14	MDTB_ses2	MNISymRedNucleus1
-0.00025460888885973833	6.15375566534291e-05	1.0001930713322063	sub-15	MDTB_ses2	MNISymRedNucleus1
0.00036026037485293336	-0.0013958614279079326	1.001035601053055	sub-17	MDTB_ses2	MNISymRedNucleus1
-0.00020267377557522178	-9.956526059419749e-05	1.0003022390361693	sub-18	MDTB_ses2	MNISymRedNucleus1
2.4278611833056777e-05	0.002452571060862341	0.9975231503273047	sub-19	MDTB_ses2	MNISymRedNucleus1
0.0006531402125367068	0.0020146452674747527	0.9973322145199885	sub-20	MDTB_ses2	MNISymRedNucleus1
3.977776079113483e-06	0.0018926170365490584	0.9981034051873718	sub-21	MDTB_ses2	MNISymRedNucleus1
2.1354024595874974e-05	0.0006551096823587877	0.9993235362930455	sub-22	MDTB_ses2	MNISymRedNucleus1
-0.00014133278300745345	0.0056334774460228875	0.9945078553369845	sub-24	MDTB_ses2	MNISymRedNucleus1
0.0002015876707412266	0.0033313830690489443	0.9964670292602099	sub-25	MDTB_ses2	MNISymRedNucleus1
-0.00025967197690478775	-0.004835774775455662	1.0050954467523605	sub-26	MDTB_ses2	MNISymRedNucleus1
-0.0003684843289503667	-0.008561347447706315	1.0089298317766568	sub-27	MDTB_ses2	MNISymRedNucleus1
0.0001424758046240961	-0.0006688251886493276	1.0005263493840253	sub-28	MDTB_ses2	MNISymRedNucleus1
-4.400908656877191e-05	-0.0002755124833567717	1.0003195215699254	sub-29	MDTB_ses2	MNISymRedNucleus1
0.0003481354129159351	-0.0016976603404438983	1.001349524927528	sub-30	MDTB_ses2	MNISymRedNucleus1
0.00045300108103148076	0.0007310791927900686	0.9988159197261786	sub-31	MDTB_ses2	MNISymRedNucleus1
0.0008036716859857389	-0.0028660018203843112	1.0020623301343985	sub-02	MDTB_ses2	MNISymThalamus1
0.00036009134553867395	-0.003385881306708511	1.0030257899611699	sub-03	MDTB_ses2	MNISymThalamus1
0.0002725125238832674	0.00030558695489065103	0.999421900521226	sub-04	MDTB_ses2	MNISymThalamus1
0.0006513958797192591	-0.0006953230995411542	1.0000439272198218	sub-06	MDTB_ses2	MNISymThalamus1
0.0002713066978460242	-0.001683520050653628	1.0014122133528076	sub-08	MDTB_ses2	MNISymThalamus1
0.0003972517777291047	0.0007124955583299444	0.9988902526639409	sub-09	MDTB_ses2	MNISymThalamus1
0.0005192455342187857	-0.0019829801797405567	1.0014637346455217	sub-10	MDTB_ses2	MNISymThalamus1
0.0005637028387248469	-0.000952376766178069	1.0003886739274532	sub-12	MDTB_ses2	MNISymThalamus1
0.0005339922262414437	-0.0023522092779747865	1.0018182170517334	sub-14	MDTB_ses2	MNISymThalamus1
0.0004872323449114565	-0.0016565773993979277	1.0011693450544865	sub-15	MDTB_ses2	MNISymThalamus1
0.0005675811268292742	-0.002049211485467671	1.0014816303586385	sub-17	MDTB_ses2	MNISymThalamus1
0.0008368883571654653	-0.0028056144281394515	1.001968726070974	sub-18	MDTB_ses2	MNISymThalamus1
0.0005279582229417509	-0.0030578915810368095	1.002529933358095	sub-19	MDTB_ses2	MNISymThalamus1
0.000889011959929586	-0.0017967490504060446	1.0009077370904764	sub-20	MDTB_ses2	MNISymThalamus1
0.00013837087273978243	-0.0009768268291859433	1.0008384559564463	sub-21	MDTB_ses2	MNISymThalamus1
0.00017707871849875222	-0.0004120748849858423	1.0002349961664871	sub-22	MDTB_ses2	MNISymThalamus1
0.0007198553640268139	0.0005137241236862308	0.998766420512287	sub-24	MDTB_ses2	MNISymThalamus1
0.0006167596032239729	-0.002678163339260542	1.0020614037360365	sub-25	MDTB_ses2	MNISymThalamus1
0.0002822818569114305	-0.0024912979637471662	1.0022090161068358	sub-26	MDTB_ses2	MNISymThalamus1
0.0009226801315971368	0.001769087324907224	0.9973082325434957	sub-27	MDTB_ses2	MNISymThalamus1
0.00017772585291174608	-0.001363227742952607	1.0011855018900409	sub-28	MDTB_ses2	MNISymThalamus1
0.00063103403286839	-0.001790807462489708	1.0011597734296211	sub-29	MDTB_ses2	MNISymThalamus1
0.0005830364459161758	-0.0018271367404930922	1.0012441002945769	sub-30	MDTB_ses2	MNISymThalamus1
0.00036143878879189726	-0.00036069458228290115	0.9999992557934909	sub-31	MDTB_ses2	MNISymThalamus1
7.671949495823596e-05	-0.003994939371351005	1.0039182198763927	sub-02	MDTB_ses2	MNISymOlive1
-0.00021371979637658105	-0.00842807152443966	1.0086417913208163	sub-03	MDTB_ses2	MNISymOlive1
-3.444132113899571e-05	0.0044185590322207355	0.9956158822889183	sub-04	MDTB_ses2	MNISymOlive1
-0.00048639534663358016	0.005197248162667904	0.9952891471839657	sub-06	MDTB_ses2	MNISymOlive1
0.00021856141677517422	-0.004386788454760591	1.0041682270379855	sub-08	MDTB_ses2	MNISymOlive1
-0.00023398867934736967	0.0014656370084347814	0.9987683516709126	sub-09	MDTB_ses2	MNISymOlive1
-0.0002425786453185721	-0.001619889357202017	1.0018624680025205	sub-10	MDTB_ses2	MNISymOlive1
0.00031422966956553427	-0.002484900007506722	1.0021706703379412	sub-12	MDTB_ses2	MNISymOlive1
0.00021799461356509958	-0.0032417653734359824	1.003023770759871	sub-14	MDTB_ses2	MNISymOlive1
-0.00014286511378138462	0.008917758812951891	0.9912251063008295	sub-15	MDTB_ses2	MNISymOlive1
-1.0547860126507926e-07	0.004388605764783626	0.9956114997138177	sub-17	MDTB_ses2	MNISymOlive1
-8.501396894289426e-05	-0.008216264832219874	1.0083012788011627	sub-18	MDTB_ses2	MNISymOlive1
0.00011767305197112797	-0.0045558053650407325	1.0044381323130698	sub-19	MDTB_ses2	MNISymOlive1
0.00011148496365347716	-0.0022619184513190237	1.0021504334876654	sub-20	MDTB_ses2	MNISymOlive1
-0.0004541897595443265	-0.0035546951548066654	1.004008884914351	sub-21	MDTB_ses2	MNISymOlive1
-0.00031532132959305486	-0.004747109936496788	1.0050624312660899	sub-22	MDTB_ses2	MNISymOlive1
-0.00010616856607078799	0.004735644320521094	0.9953705242455497	sub-24	MDTB_ses2	MNISymOlive1
-0.0002553695599904972	0.00140322747616785	0.9988521420838227	sub-25	MDTB_ses2	MNISymOlive1
-0.0002627483960759529	-0.0034967635952023175	1.0037595119912783	sub-26	MDTB_ses2	MNISymOlive1
0.00038229560797042324	-0.0030541089890314555	1.002671813381061	sub-27	MDTB_ses2	MNISymOlive1
3.9393152511508024e-06	0.00069691778379031	0.9992991429009586	sub-28	MDTB_ses2	MNISymOlive1
-5.8716754627878264e-05	-0.00024888512065785677	1.000307601875286	sub-29	MDTB_ses2	MNISymOlive1
0.00015474723199940377	-0.004702607682402799	1.0045478604504035	sub-30	MDTB_ses2	MNISymOlive1
-9.568923127292464e-05	0.0003081106442413956	0.9997875785870316	sub-31	MDTB_ses2	MNISymOlive1
0.0005034667748745516	-0.0006300741685373039	1.0001266073936628	sub-02	MDTB_ses2	MNISymPontine1
0.00011793040909924191	-0.002281258319699778	1.0021633279106006	sub-03	MDTB_ses2	MNISymPontine1
-7.410584054124381e-06	-0.0021130172120964537	1.0021204277961506	sub-04	MDTB_ses2	MNISymPontine1
0.00014534526096962716	0.0013744481125348952	0.9984802066264955	sub-06	MDTB_ses2	MNISymPontine1
0.0003079977636739632	0.0025885552021359315	0.9971034470341901	sub-08	MDTB_ses2	MNISymPontine1
0.00020039716185865072	0.000994591576187089	0.9988050112619543	sub-09	MDTB_ses2	MNISymPontine1
0.0002275079017030323	0.0006188602488336625	0.9991536318494634	sub-10	MDTB_ses2	MNISymPontine1
0.00028926511251653225	-0.0008222536799011725	1.0005329885673846	sub-12	MDTB_ses2	MNISymPontine1
0.00012849154349787754	0.0014898967215375863	0.9983816117349645	sub-14	MDTB_ses2	MNISymPontine1
0.00016391527171676453	0.0002486157849139006	0.9995874689433694	sub-15	MDTB_ses2	MNISymPontine1
0.00014618407468350495	-0.0008541171777159307	1.0007079331030324	sub-17	MDTB_ses2	MNISymPontine1
0.00019379472781260568	-0.0023364608801210835	1.0021426661523085	sub-18	MDTB_ses2	MNISymPontine1
0.0004004103094344236	-0.0009039910065124449	1.0005035806970781	sub-19	MDTB_ses2	MNISymPontine1
0.00033271217280006585	-0.002073723027226269	1.0017410108544262	sub-20	MDTB_ses2	MNISymPontine1
-0.00019762331112135602	-0.001525588603532681	1.001723211914654	sub-21	MDTB_ses2	MNISymPontine1
-9.056406455282451e-05	-0.0002702835155340797	1.000360847580087	sub-22	MDTB_ses2	MNISymPontine1
5.641657241632633e-05	-0.0013631531540265493	1.0013067365816102	sub-24	MDTB_ses2	MNISymPontine1
0.00023435391685294182	-0.0024020112493142627	1.0021676573324614	sub-25	MDTB_ses2	MNISymPontine1
0.00019352310146998432	-0.0034665687537609982	1.003273045652291	sub-26	MDTB_ses2	MNISymPontine1
-5.2783055973719325e-05	-0.0008998201657646924	1.0009526032217384	sub-27	MDTB_ses2	MNISymPontine1
3.7089825012040926e-05	-0.0013277247153918852	1.0012906348903798	sub-28	MDTB_ses2	MNISymPontine1
1.9535180186953962e-05	-0.0012339604017717806	1.0012144252215847	sub-29	MDTB_ses2	MNISymPontine1
0.00033033569945223735	-0.00305969694538728	1.002729361245935	sub-30	MDTB_ses2	MNISymPontine1
2.6861806115774527e-06	0.0017704264523243107	0.9982268873670642	sub-31	MDTB_ses2	MNISymPontine1
0.00037641124844542254	-0.0022526004755293208	1.001876189227084	sub-02	MDTB_ses2	MNISymDentate1
0.00020557187639523342	-0.0037523224550697868	1.0035467505786746	sub-03	MDTB_ses2	MNISymDentate1
0.00028798072042593095	0.001229649085490685	0.9984823701940835	sub-04	MDTB_ses2	MNISymDentate1
0.00018256369668037513	0.0023171348640901113	0.9975003014392295	sub-06	MDTB_ses2	MNISymDentate1
-0.0003266622251726501	0.002934743343086445	0.9973919188820862	sub-08	MDTB_ses2	MNISymDentate1
0.00043815146094271717	-5.1098650398390565e-05	0.9996129471894556	sub-09	MDTB_ses2	MNISymDentate1
0.00018547004456643677	-0.0004322752143494604	1.000246805169783	sub-10	MDTB_ses2	MNISymDentate1
0.00018159321940848996	-0.004441924725994757	1.0042603315065861	sub-12	MDTB_ses2	MNISymDentate1
-0.00013592441115906835	0.003185272241815266	0.9969506521693439	sub-14	MDTB_ses2	MNISymDentate1
0.000366468428656808	-0.0027387056908190453	1.0023722372621622	sub-15	MDTB_ses2	MNISymDentate1
0.0005399384382173037	-0.004473940192445486	1.0039340017542282	sub-17	MDTB_ses2	MNISymDentate1
-7.233405873261865e-05	0.0016563707131427036	0.99841596334559	sub-18	MDTB_ses2	MNISymDentate1
0.000264016282808229	-0.0025437207414077553	1.0022797044585996	sub-19	MDTB_ses2	MNISymDentate1
0.00035815325794586925	-0.0024552784357325923	1.0020971251777868	sub-20	MDTB_ses2	MNISymDentate1
0.00013110613231068747	-0.0016261981085019053	1.0014950919761914	sub-21	MDTB_ses2	MNISymDentate1
-0.00048097065220795436	0.00042731918613003197	1.0000536514660778	sub-22	MDTB_ses2	MNISymDentate1
0.0002958714493408572	-0.0031179618471115253	1.0028220903977707	sub-24	MDTB_ses2	MNISymDentate1
0.00034738940702077665	-0.0018596455844335203	1.0015122561774128	sub-25	MDTB_ses2	MNISymDentate1
-0.00033357861636004396	-0.002123800717186387	1.0024573793335465	sub-26	MDTB_ses2	MNISymDentate1
0.00019111515490620028	-0.003169712709601436	1.0029785975546952	sub-27	MDTB_ses2	MNISymDentate1
-0.00030011929698984174	-0.0006051941747567312	1.0009053134717467	sub-28	MDTB_ses2	MNISymDentate1
0.0006408921529629011	0.0024597978389857508	0.9968993100080514	sub-29	MDTB_ses2	MNISymDentate1
-0.00020383183743934345	-0.0040431288905083945	1.0042469607279478	sub-30	MDTB_ses2	MNISymDentate1
0.00042253851208668255	-0.0009225661341020416	1.0005000276220153	sub-31	MDTB_ses2	MNISymDentate1
