group	individual	noise	condition	dataset	atlas
0.029661245236987214	0.07379267789162873	0.896546076871384	action_observation	Olive7T	MNISymCereb2
0.07574411824065601	0.09956651097264306	0.8246893707867009	demand_grid_easy_diff	Olive7T	MNISymCereb2
0.06163835414881241	0.09070881107391168	0.847652834777276	faux_pas	Olive7T	MNISymCereb2
0.19073004460319604	0.14349585530200692	0.6657741000947971	finger_sequence_surprise	Olive7T	MNISymCereb2
0.049726485145658875	0.08152833306996125	0.86874518178438	movie	Olive7T	MNISymCereb2
0.05024275786099477	0.07453769231466204	0.8752195498243432	rest	Olive7T	MNISymCereb2
0.01463418069659351	0.051183831988188266	0.9341819873152183	rest_surprise_sound_images	Olive7T	MNISymCereb2
0.03243326836749386	0.036949955359789004	0.9306167762727171	spatial_navigation	Olive7T	MNISymCereb2
0.036957153369453107	0.04384896302884351	0.9191938836017034	temp_deviant	Olive7T	MNISymCereb2
0.03429564643039107	0.11490589646087356	0.8507984571087353	theory_of_mind_diff_reward	Olive7T	MNISymCereb2
0.07090906632597013	0.1624855477957184	0.7666053858783116	tongue_movement	Olive7T	MNISymCereb2
0.02823092990967372	0.04142775105548678	0.9303413190348395	verb_generation	Olive7T	MNISymCereb2
0.03565752061379321	0.062228873701949725	0.902113605684257	visual_search	Olive7T	MNISymCereb2
0.06244046954940579	0.07487571210366434	0.86268381834693	actobserv	Language	MNISymCereb2
0.10223104998469619	0.09114427385894999	0.8066246761563538	audnarrative	Language	MNISymCereb2
0.060731644154005233	0.12747706724482538	0.8117912886011693	dmndgrid	Language	MNISymCereb2
0.0729749711321134	0.1290508310401624	0.7979741978277242	fingr	Language	MNISymCereb2
0.12633643259065272	0.13893197822037034	0.734731589188977	motor	Language	MNISymCereb2
0.08045694686429126	0.09980285355267428	0.8197401995830343	movie	Language	MNISymCereb2
0.07049411555537294	0.10094062708266288	0.8285652573619642	nbckpic	Language	MNISymCereb2
0.08825403580318342	0.07687318552197493	0.8348727786748418	oddball	Language	MNISymCereb2
0.10545520608077795	0.08225468208158947	0.8122901118376326	pssglisten	Language	MNISymCereb2
0.10771908664645775	0.08378583849064866	0.8084950748628936	read	Language	MNISymCereb2
0.08796272174168376	0.055242778966550506	0.8567944992917657	rest	Language	MNISymCereb2
0.09920661607475546	0.08075158761165709	0.8200417963135875	spatialnav	Language	MNISymCereb2
0.057755302085059516	0.13403337662047124	0.8082113212944693	tom	Language	MNISymCereb2
0.09084670754066196	0.07777893943276963	0.8313743530265684	vrbgen	Language	MNISymCereb2
0.03829622503743459	0.02324818565214264	0.9384555893104228	actobserv	Language	MNISymOlive1
0.029989797968894415	0.020207926174749785	0.9498022758563557	audnarrative	Language	MNISymOlive1
0.011856399885298989	0.027392472937912676	0.9607511271767883	dmndgrid	Language	MNISymOlive1
0.018158602570267815	0.07838647646328585	0.9034549209664464	fingr	Language	MNISymOlive1
0.045839215735189724	0.306687019137756	0.6474737651270543	motor	Language	MNISymOlive1
0.03124975184091666	0.03569022191984596	0.9330600262392374	movie	Language	MNISymOlive1
0.016898187564773216	0.01788134451954188	0.9652204679156849	nbckpic	Language	MNISymOlive1
0.02045251757757008	0.014793524837152147	0.9647539575852777	oddball	Language	MNISymOlive1
0.027334819435142706	0.008122824458149219	0.964542356106708	pssglisten	Language	MNISymOlive1
0.0207323661866341	0.02833929563891531	0.9509283381744507	read	Language	MNISymOlive1
0.023030107255802644	0.00982370498347726	0.96714618776072	rest	Language	MNISymOlive1
0.033499855676052	0.023326302454009934	0.943173841869938	spatialnav	Language	MNISymOlive1
0.02175435699120799	0.036542711403483766	0.9417029316053083	tom	Language	MNISymOlive1
0.01724368639886299	0.01217642522308882	0.9705798883780483	vrbgen	Language	MNISymOlive1
0.00957081126318294	0.012049961511397844	0.9783792272254193	action_observation	Olive7T	MNISymOlive1
-0.0012743498040387682	0.020443275692182513	0.9808310741118562	demand_grid_easy_diff	Olive7T	MNISymOlive1
-0.0017674727333889925	-0.0007810996933688139	1.0025485724267578	faux_pas	Olive7T	MNISymOlive1
0.0037815800246329286	0.17605755438932022	0.820160865586047	finger_sequence_surprise	Olive7T	MNISymOlive1
0.0014508418871836916	0.03572477867554839	0.962824379437268	movie	Olive7T	MNISymOlive1
0.011711253401212231	0.008866511596729113	0.9794222350020586	rest	Olive7T	MNISymOlive1
9.99427009791136e-05	-0.0028987262236831396	1.002798783522704	rest_surprise_sound_images	Olive7T	MNISymOlive1
0.009061879930530682	0.004583968057473413	0.9863541520119958	spatial_navigation	Olive7T	MNISymOlive1
0.002236625852931787	0.008242799013033208	0.9895205751340351	temp_deviant	Olive7T	MNISymOlive1
-0.003983210337768454	0.05023658407796483	0.9537466262598036	theory_of_mind_diff_reward	Olive7T	MNISymOlive1
-0.0025812272389608526	0.23735978747084366	0.7652214397681172	tongue_movement	Olive7T	MNISymOlive1
0.0022922896560979467	0.03755130844962789	0.9601564018942742	verb_generation	Olive7T	MNISymOlive1
0.00037526023492060877	-0.0017502435756562283	1.0013749833407357	visual_search	Olive7T	MNISymOlive1
